job_id,job_role,company,experience,education,job_description
1,Full Stack Developer,CodeSphere,1-3 Years,B.Tech,"CodeSphere is hiring a Full Stack Developer. Required skills: Spring Boot, Java, AWS, React, REST API, Docker. Candidates should have 1-3 Years experience, B.Tech degree, and strong Communication."
2,Full Stack Developer,Insight Ltd,5+ Years,B.Tech,"Insight Ltd is hiring a Full Stack Developer. Required skills: Docker, Java, REST API, AWS, Spring Boot, Git. Candidates should have 5+ Years experience, B.Tech degree, and strong Communication."
3,Full Stack Developer,Insight Ltd,3-5 Years,B.Tech,"Insight Ltd is hiring a Full Stack Developer. Required skills: MySQL, AWS, Docker, Git, REST API, Java. Candidates should have 3-5 Years experience, B.Tech degree, and strong Problem Solving."
4,Full Stack Developer,CloudOps,1-3 Years,B.Tech,"CloudOps is hiring a Full Stack Developer. Required skills: Java, Docker, Spring Boot, MySQL, React, AWS. Candidates should have 1-3 Years experience, B.Tech degree, and strong Problem Solving."
5,Full Stack Developer,PixelSoft,5+ Years,B.Tech,"PixelSoft is hiring a Full Stack Developer. Required skills: Spring Boot, Java, MySQL, Docker, React, REST API. Candidates should have 5+ Years experience, B.Tech degree, and strong Communication."
6,Full Stack Developer,Insight Ltd,2-4 Years,B.Tech,"Insight Ltd is hiring a Full Stack Developer. Required skills: REST API, Git, Java, MySQL, AWS, React. Candidates should have 2-4 Years experience, B.Tech degree, and strong Problem Solving."
7,Full Stack Developer,CloudOps,0-2 Years,B.Tech,"CloudOps is hiring a Full Stack Developer. Required skills: MySQL, AWS, Java, Docker, Spring Boot, REST API. Candidates should have 0-2 Years experience, B.Tech degree, and strong Communication."
8,Full Stack Developer,CloudOps,2-4 Years,B.Tech,"CloudOps is hiring a Full Stack Developer. Required skills: Docker, React, MySQL, REST API, Spring Boot, AWS. Candidates should have 2-4 Years experience, B.Tech degree, and strong Problem Solving."
9,Full Stack Developer,NextGen,3-5 Years,B.Tech,"NextGen is hiring a Full Stack Developer. Required skills: Spring Boot, Git, AWS, REST API, Docker, Java. Candidates should have 3-5 Years experience, B.Tech degree, and strong Problem Solving."
10,Full Stack Developer,NextGen,2-4 Years,B.Tech,"NextGen is hiring a Full Stack Developer. Required skills: MySQL, AWS, React, Java, Spring Boot, Git. Candidates should have 2-4 Years experience, B.Tech degree, and strong Problem Solving."
11,Full Stack Developer,NextGen,3-5 Years,B.Tech,"NextGen is hiring a Full Stack Developer. Required skills: Spring Boot, REST API, Git, React, Docker, AWS. Candidates should have 3-5 Years experience, B.Tech degree, and strong Leadership."
12,Full Stack Developer,NextGen,5+ Years,B.Tech,"NextGen is hiring a Full Stack Developer. Required skills: React, REST API, Spring Boot, AWS, Docker, MySQL. Candidates should have 5+ Years experience, B.Tech degree, and strong Leadership."
13,Full Stack Developer,CodeSphere,0-2 Years,B.Tech,"CodeSphere is hiring a Full Stack Developer. Required skills: AWS, Spring Boot, Docker, Git, MySQL, Java. Candidates should have 0-2 Years experience, B.Tech degree, and strong Teamwork."
14,Full Stack Developer,Insight Ltd,3-5 Years,B.Tech,"Insight Ltd is hiring a Full Stack Developer. Required skills: React, Docker, AWS, MySQL, Java, Spring Boot. Candidates should have 3-5 Years experience, B.Tech degree, and strong Leadership."
15,Full Stack Developer,CodeSphere,2-4 Years,B.Tech,"CodeSphere is hiring a Full Stack Developer. Required skills: Git, REST API, Java, AWS, React, MySQL. Candidates should have 2-4 Years experience, B.Tech degree, and strong Problem Solving."
16,Full Stack Developer,VisionAI,1-3 Years,B.Tech,"VisionAI is hiring a Full Stack Developer. Required skills: Docker, Spring Boot, MySQL, Java, React, AWS. Candidates should have 1-3 Years experience, B.Tech degree, and strong Communication."
17,Full Stack Developer,DataMind,2-4 Years,B.Tech,"DataMind is hiring a Full Stack Developer. Required skills: Git, Docker, AWS, REST API, Spring Boot, Java. Candidates should have 2-4 Years experience, B.Tech degree, and strong Communication."
18,Full Stack Developer,TechNova,1-3 Years,B.Tech,"TechNova is hiring a Full Stack Developer. Required skills: AWS, MySQL, Java, REST API, React, Spring Boot. Candidates should have 1-3 Years experience, B.Tech degree, and strong Teamwork."
19,Full Stack Developer,DataMind,1-3 Years,B.Tech,"DataMind is hiring a Full Stack Developer. Required skills: Spring Boot, Java, AWS, MySQL, Docker, React. Candidates should have 1-3 Years experience, B.Tech degree, and strong Leadership."
20,Full Stack Developer,CloudOps,5+ Years,B.Tech,"CloudOps is hiring a Full Stack Developer. Required skills: React, REST API, Git, AWS, MySQL, Java. Candidates should have 5+ Years experience, B.Tech degree, and strong Problem Solving."
21,Full Stack Developer,CodeSphere,3-5 Years,B.Tech,"CodeSphere is hiring a Full Stack Developer. Required skills: Docker, AWS, REST API, React, MySQL, Git. Candidates should have 3-5 Years experience, B.Tech degree, and strong Teamwork."
22,Full Stack Developer,TechNova,1-3 Years,B.Tech,"TechNova is hiring a Full Stack Developer. Required skills: MySQL, Java, React, Docker, Spring Boot, AWS. Candidates should have 1-3 Years experience, B.Tech degree, and strong Communication."
23,Full Stack Developer,CloudOps,5+ Years,B.Tech,"CloudOps is hiring a Full Stack Developer. Required skills: Java, Spring Boot, REST API, AWS, React, Git. Candidates should have 5+ Years experience, B.Tech degree, and strong Problem Solving."
24,Full Stack Developer,NextGen,3-5 Years,B.Tech,"NextGen is hiring a Full Stack Developer. Required skills: REST API, Spring Boot, Git, Docker, MySQL, Java. Candidates should have 3-5 Years experience, B.Tech degree, and strong Teamwork."
25,Full Stack Developer,FinTechX,3-5 Years,B.Tech,"FinTechX is hiring a Full Stack Developer. Required skills: Spring Boot, Java, AWS, MySQL, React, REST API. Candidates should have 3-5 Years experience, B.Tech degree, and strong Communication."
26,Full Stack Developer,CloudOps,1-3 Years,B.Tech,"CloudOps is hiring a Full Stack Developer. Required skills: Spring Boot, Java, MySQL, React, Docker, AWS. Candidates should have 1-3 Years experience, B.Tech degree, and strong Leadership."
27,Full Stack Developer,FinTechX,0-2 Years,B.Tech,"FinTechX is hiring a Full Stack Developer. Required skills: React, MySQL, Spring Boot, REST API, Docker, Java. Candidates should have 0-2 Years experience, B.Tech degree, and strong Communication."
28,Full Stack Developer,NextGen,1-3 Years,B.Tech,"NextGen is hiring a Full Stack Developer. Required skills: Java, AWS, Git, REST API, Docker, MySQL. Candidates should have 1-3 Years experience, B.Tech degree, and strong Leadership."
29,Full Stack Developer,NextGen,0-2 Years,B.Tech,"NextGen is hiring a Full Stack Developer. Required skills: REST API, Spring Boot, MySQL, Java, Docker, AWS. Candidates should have 0-2 Years experience, B.Tech degree, and strong Problem Solving."
30,Full Stack Developer,PixelSoft,1-3 Years,B.Tech,"PixelSoft is hiring a Full Stack Developer. Required skills: REST API, React, MySQL, Git, AWS, Java. Candidates should have 1-3 Years experience, B.Tech degree, and strong Teamwork."
31,Full Stack Developer,TechNova,2-4 Years,B.Tech,"TechNova is hiring a Full Stack Developer. Required skills: Java, Git, AWS, Docker, REST API, React. Candidates should have 2-4 Years experience, B.Tech degree, and strong Communication."
32,Full Stack Developer,DataMind,0-2 Years,B.Tech,"DataMind is hiring a Full Stack Developer. Required skills: REST API, Git, Docker, Spring Boot, Java, React. Candidates should have 0-2 Years experience, B.Tech degree, and strong Communication."
33,Full Stack Developer,Insight Ltd,1-3 Years,B.Tech,"Insight Ltd is hiring a Full Stack Developer. Required skills: Spring Boot, AWS, REST API, MySQL, Java, React. Candidates should have 1-3 Years experience, B.Tech degree, and strong Communication."
34,Full Stack Developer,AI Labs,1-3 Years,B.Tech,"AI Labs is hiring a Full Stack Developer. Required skills: Spring Boot, MySQL, AWS, Git, React, REST API. Candidates should have 1-3 Years experience, B.Tech degree, and strong Teamwork."
35,Full Stack Developer,TechNova,0-2 Years,B.Tech,"TechNova is hiring a Full Stack Developer. Required skills: Git, MySQL, Spring Boot, React, Docker, AWS. Candidates should have 0-2 Years experience, B.Tech degree, and strong Leadership."
36,Full Stack Developer,CodeSphere,2-4 Years,B.Tech,"CodeSphere is hiring a Full Stack Developer. Required skills: Spring Boot, Java, Git, REST API, React, Docker. Candidates should have 2-4 Years experience, B.Tech degree, and strong Teamwork."
37,Full Stack Developer,TechNova,5+ Years,B.Tech,"TechNova is hiring a Full Stack Developer. Required skills: AWS, React, Spring Boot, MySQL, Docker, Git. Candidates should have 5+ Years experience, B.Tech degree, and strong Problem Solving."
38,Full Stack Developer,DataMind,5+ Years,B.Tech,"DataMind is hiring a Full Stack Developer. Required skills: Spring Boot, REST API, React, Java, Git, AWS. Candidates should have 5+ Years experience, B.Tech degree, and strong Problem Solving."
39,Full Stack Developer,VisionAI,2-4 Years,B.Tech,"VisionAI is hiring a Full Stack Developer. Required skills: Git, REST API, Spring Boot, React, AWS, Docker. Candidates should have 2-4 Years experience, B.Tech degree, and strong Leadership."
40,Full Stack Developer,TechNova,0-2 Years,B.Tech,"TechNova is hiring a Full Stack Developer. Required skills: Git, Docker, Java, AWS, MySQL, Spring Boot. Candidates should have 0-2 Years experience, B.Tech degree, and strong Problem Solving."
41,Full Stack Developer,VisionAI,3-5 Years,B.Tech,"VisionAI is hiring a Full Stack Developer. Required skills: React, AWS, REST API, Spring Boot, MySQL, Docker. Candidates should have 3-5 Years experience, B.Tech degree, and strong Communication."
42,Full Stack Developer,VisionAI,5+ Years,B.Tech,"VisionAI is hiring a Full Stack Developer. Required skills: Spring Boot, Java, AWS, REST API, Docker, Git. Candidates should have 5+ Years experience, B.Tech degree, and strong Teamwork."
43,Full Stack Developer,CloudOps,2-4 Years,B.Tech,"CloudOps is hiring a Full Stack Developer. Required skills: Docker, Spring Boot, Java, React, Git, AWS. Candidates should have 2-4 Years experience, B.Tech degree, and strong Teamwork."
44,Full Stack Developer,DataMind,1-3 Years,B.Tech,"DataMind is hiring a Full Stack Developer. Required skills: Spring Boot, React, Git, MySQL, REST API, Java. Candidates should have 1-3 Years experience, B.Tech degree, and strong Leadership."
45,Full Stack Developer,PixelSoft,1-3 Years,B.Tech,"PixelSoft is hiring a Full Stack Developer. Required skills: Java, Spring Boot, AWS, React, MySQL, Git. Candidates should have 1-3 Years experience, B.Tech degree, and strong Teamwork."
46,Full Stack Developer,AI Labs,3-5 Years,B.Tech,"AI Labs is hiring a Full Stack Developer. Required skills: Spring Boot, MySQL, Java, Docker, REST API, AWS. Candidates should have 3-5 Years experience, B.Tech degree, and strong Problem Solving."
47,Full Stack Developer,CodeSphere,2-4 Years,B.Tech,"CodeSphere is hiring a Full Stack Developer. Required skills: MySQL, Spring Boot, Java, Docker, REST API, Git. Candidates should have 2-4 Years experience, B.Tech degree, and strong Problem Solving."
48,Full Stack Developer,PixelSoft,0-2 Years,B.Tech,"PixelSoft is hiring a Full Stack Developer. Required skills: AWS, REST API, Git, MySQL, React, Java. Candidates should have 0-2 Years experience, B.Tech degree, and strong Teamwork."
49,Full Stack Developer,NextGen,2-4 Years,B.Tech,"NextGen is hiring a Full Stack Developer. Required skills: Git, Java, Docker, REST API, MySQL, Spring Boot. Candidates should have 2-4 Years experience, B.Tech degree, and strong Communication."
50,Full Stack Developer,TechNova,3-5 Years,B.Tech,"TechNova is hiring a Full Stack Developer. Required skills: Docker, Git, Spring Boot, React, Java, REST API. Candidates should have 3-5 Years experience, B.Tech degree, and strong Teamwork."
51,Backend Developer,PixelSoft,0-2 Years,B.E.,"PixelSoft is hiring a Backend Developer. Required skills: Hibernate, Docker, Java, PostgreSQL, Git, SQL. Candidates should have 0-2 Years experience, B.E. degree, and strong Problem Solving."
52,Backend Developer,NextGen,3-5 Years,B.E.,"NextGen is hiring a Backend Developer. Required skills: SQL, PostgreSQL, Docker, REST API, Spring Boot, Java. Candidates should have 3-5 Years experience, B.E. degree, and strong Teamwork."
53,Backend Developer,NextGen,1-3 Years,B.E.,"NextGen is hiring a Backend Developer. Required skills: Git, Docker, REST API, Java, PostgreSQL, Spring Boot. Candidates should have 1-3 Years experience, B.E. degree, and strong Problem Solving."
54,Backend Developer,CodeSphere,1-3 Years,B.E.,"CodeSphere is hiring a Backend Developer. Required skills: REST API, Docker, SQL, Spring Boot, Hibernate, PostgreSQL. Candidates should have 1-3 Years experience, B.E. degree, and strong Problem Solving."
55,Backend Developer,TechNova,1-3 Years,B.E.,"TechNova is hiring a Backend Developer. Required skills: Hibernate, Java, Spring Boot, PostgreSQL, REST API, SQL. Candidates should have 1-3 Years experience, B.E. degree, and strong Communication."
56,Backend Developer,CloudOps,5+ Years,B.E.,"CloudOps is hiring a Backend Developer. Required skills: Docker, REST API, Git, Java, SQL, Spring Boot. Candidates should have 5+ Years experience, B.E. degree, and strong Leadership."
57,Backend Developer,CloudOps,3-5 Years,B.E.,"CloudOps is hiring a Backend Developer. Required skills: REST API, Docker, Spring Boot, Hibernate, Java, SQL. Candidates should have 3-5 Years experience, B.E. degree, and strong Teamwork."
58,Backend Developer,FinTechX,1-3 Years,B.E.,"FinTechX is hiring a Backend Developer. Required skills: REST API, Java, Git, Spring Boot, SQL, Hibernate. Candidates should have 1-3 Years experience, B.E. degree, and strong Problem Solving."
59,Backend Developer,DataMind,3-5 Years,B.E.,"DataMind is hiring a Backend Developer. Required skills: REST API, Git, Hibernate, SQL, Docker, PostgreSQL. Candidates should have 3-5 Years experience, B.E. degree, and strong Leadership."
60,Backend Developer,PixelSoft,1-3 Years,B.E.,"PixelSoft is hiring a Backend Developer. Required skills: REST API, PostgreSQL, Spring Boot, SQL, Docker, Git. Candidates should have 1-3 Years experience, B.E. degree, and strong Leadership."
61,Backend Developer,VisionAI,2-4 Years,B.E.,"VisionAI is hiring a Backend Developer. Required skills: Spring Boot, Hibernate, PostgreSQL, REST API, SQL, Git. Candidates should have 2-4 Years experience, B.E. degree, and strong Communication."
62,Backend Developer,CodeSphere,1-3 Years,B.E.,"CodeSphere is hiring a Backend Developer. Required skills: PostgreSQL, Spring Boot, SQL, Docker, Hibernate, REST API. Candidates should have 1-3 Years experience, B.E. degree, and strong Leadership."
63,Backend Developer,NextGen,1-3 Years,B.E.,"NextGen is hiring a Backend Developer. Required skills: SQL, PostgreSQL, Git, Docker, Hibernate, Java. Candidates should have 1-3 Years experience, B.E. degree, and strong Leadership."
64,Backend Developer,PixelSoft,2-4 Years,B.E.,"PixelSoft is hiring a Backend Developer. Required skills: Java, SQL, Git, Docker, Hibernate, REST API. Candidates should have 2-4 Years experience, B.E. degree, and strong Leadership."
65,Backend Developer,PixelSoft,1-3 Years,B.E.,"PixelSoft is hiring a Backend Developer. Required skills: SQL, Git, Hibernate, REST API, Spring Boot, Docker. Candidates should have 1-3 Years experience, B.E. degree, and strong Leadership."
66,Backend Developer,FinTechX,1-3 Years,B.E.,"FinTechX is hiring a Backend Developer. Required skills: REST API, Java, Docker, PostgreSQL, Hibernate, Git. Candidates should have 1-3 Years experience, B.E. degree, and strong Teamwork."
67,Backend Developer,DataMind,3-5 Years,B.E.,"DataMind is hiring a Backend Developer. Required skills: Java, Docker, Git, Hibernate, REST API, SQL. Candidates should have 3-5 Years experience, B.E. degree, and strong Leadership."
68,Backend Developer,AI Labs,3-5 Years,B.E.,"AI Labs is hiring a Backend Developer. Required skills: PostgreSQL, Java, REST API, Docker, Hibernate, SQL. Candidates should have 3-5 Years experience, B.E. degree, and strong Problem Solving."
69,Backend Developer,VisionAI,0-2 Years,B.E.,"VisionAI is hiring a Backend Developer. Required skills: SQL, PostgreSQL, Docker, REST API, Java, Spring Boot. Candidates should have 0-2 Years experience, B.E. degree, and strong Communication."
70,Backend Developer,CloudOps,1-3 Years,B.E.,"CloudOps is hiring a Backend Developer. Required skills: Hibernate, Spring Boot, REST API, Java, Git, Docker. Candidates should have 1-3 Years experience, B.E. degree, and strong Communication."
71,Backend Developer,FinTechX,1-3 Years,B.E.,"FinTechX is hiring a Backend Developer. Required skills: PostgreSQL, Spring Boot, SQL, Docker, Java, REST API. Candidates should have 1-3 Years experience, B.E. degree, and strong Problem Solving."
72,Backend Developer,CodeSphere,2-4 Years,B.E.,"CodeSphere is hiring a Backend Developer. Required skills: Hibernate, Spring Boot, Git, REST API, Java, Docker. Candidates should have 2-4 Years experience, B.E. degree, and strong Communication."
73,Backend Developer,CodeSphere,1-3 Years,B.E.,"CodeSphere is hiring a Backend Developer. Required skills: Git, REST API, Hibernate, Docker, SQL, PostgreSQL. Candidates should have 1-3 Years experience, B.E. degree, and strong Teamwork."
74,Backend Developer,AI Labs,0-2 Years,B.E.,"AI Labs is hiring a Backend Developer. Required skills: Spring Boot, Hibernate, PostgreSQL, Git, Java, SQL. Candidates should have 0-2 Years experience, B.E. degree, and strong Leadership."
75,Backend Developer,CodeSphere,3-5 Years,B.E.,"CodeSphere is hiring a Backend Developer. Required skills: Hibernate, Java, Git, PostgreSQL, SQL, Spring Boot. Candidates should have 3-5 Years experience, B.E. degree, and strong Leadership."
76,Backend Developer,PixelSoft,5+ Years,B.E.,"PixelSoft is hiring a Backend Developer. Required skills: Hibernate, REST API, Docker, Spring Boot, SQL, Java. Candidates should have 5+ Years experience, B.E. degree, and strong Leadership."
77,Backend Developer,CodeSphere,1-3 Years,B.E.,"CodeSphere is hiring a Backend Developer. Required skills: REST API, Docker, Hibernate, Git, PostgreSQL, Spring Boot. Candidates should have 1-3 Years experience, B.E. degree, and strong Problem Solving."
78,Backend Developer,FinTechX,0-2 Years,B.E.,"FinTechX is hiring a Backend Developer. Required skills: REST API, Spring Boot, Docker, Git, Hibernate, SQL. Candidates should have 0-2 Years experience, B.E. degree, and strong Problem Solving."
79,Backend Developer,Insight Ltd,2-4 Years,B.E.,"Insight Ltd is hiring a Backend Developer. Required skills: PostgreSQL, Docker, Spring Boot, REST API, Git, Hibernate. Candidates should have 2-4 Years experience, B.E. degree, and strong Problem Solving."
80,Backend Developer,FinTechX,3-5 Years,B.E.,"FinTechX is hiring a Backend Developer. Required skills: Java, Git, Spring Boot, REST API, Hibernate, PostgreSQL. Candidates should have 3-5 Years experience, B.E. degree, and strong Teamwork."
81,Backend Developer,PixelSoft,0-2 Years,B.E.,"PixelSoft is hiring a Backend Developer. Required skills: REST API, Hibernate, SQL, Docker, Git, Java. Candidates should have 0-2 Years experience, B.E. degree, and strong Teamwork."
82,Backend Developer,VisionAI,5+ Years,B.E.,"VisionAI is hiring a Backend Developer. Required skills: SQL, Hibernate, Spring Boot, PostgreSQL, Git, REST API. Candidates should have 5+ Years experience, B.E. degree, and strong Problem Solving."
83,Backend Developer,PixelSoft,3-5 Years,B.E.,"PixelSoft is hiring a Backend Developer. Required skills: SQL, Hibernate, Git, PostgreSQL, REST API, Docker. Candidates should have 3-5 Years experience, B.E. degree, and strong Problem Solving."
84,Backend Developer,DataMind,5+ Years,B.E.,"DataMind is hiring a Backend Developer. Required skills: Git, Spring Boot, Java, SQL, PostgreSQL, Hibernate. Candidates should have 5+ Years experience, B.E. degree, and strong Teamwork."
85,Backend Developer,PixelSoft,1-3 Years,B.E.,"PixelSoft is hiring a Backend Developer. Required skills: Docker, Hibernate, REST API, PostgreSQL, Git, Java. Candidates should have 1-3 Years experience, B.E. degree, and strong Teamwork."
86,Backend Developer,TechNova,0-2 Years,B.E.,"TechNova is hiring a Backend Developer. Required skills: Hibernate, Spring Boot, PostgreSQL, Java, SQL, Docker. Candidates should have 0-2 Years experience, B.E. degree, and strong Problem Solving."
87,Backend Developer,FinTechX,2-4 Years,B.E.,"FinTechX is hiring a Backend Developer. Required skills: PostgreSQL, Hibernate, Docker, Java, Git, REST API. Candidates should have 2-4 Years experience, B.E. degree, and strong Leadership."
88,Backend Developer,CodeSphere,0-2 Years,B.E.,"CodeSphere is hiring a Backend Developer. Required skills: REST API, PostgreSQL, Spring Boot, Java, SQL, Hibernate. Candidates should have 0-2 Years experience, B.E. degree, and strong Leadership."
89,Backend Developer,PixelSoft,5+ Years,B.E.,"PixelSoft is hiring a Backend Developer. Required skills: REST API, Java, Git, SQL, Spring Boot, Hibernate. Candidates should have 5+ Years experience, B.E. degree, and strong Communication."
90,Backend Developer,FinTechX,3-5 Years,B.E.,"FinTechX is hiring a Backend Developer. Required skills: Docker, Java, Git, REST API, Spring Boot, PostgreSQL. Candidates should have 3-5 Years experience, B.E. degree, and strong Leadership."
91,Backend Developer,TechNova,5+ Years,B.E.,"TechNova is hiring a Backend Developer. Required skills: Git, SQL, REST API, Docker, PostgreSQL, Hibernate. Candidates should have 5+ Years experience, B.E. degree, and strong Communication."
92,Backend Developer,DataMind,1-3 Years,B.E.,"DataMind is hiring a Backend Developer. Required skills: Docker, Hibernate, Spring Boot, PostgreSQL, Java, REST API. Candidates should have 1-3 Years experience, B.E. degree, and strong Communication."
93,Backend Developer,CloudOps,0-2 Years,B.E.,"CloudOps is hiring a Backend Developer. Required skills: PostgreSQL, Java, Docker, Hibernate, Git, Spring Boot. Candidates should have 0-2 Years experience, B.E. degree, and strong Problem Solving."
94,Backend Developer,CloudOps,5+ Years,B.E.,"CloudOps is hiring a Backend Developer. Required skills: Git, Hibernate, Docker, Java, Spring Boot, SQL. Candidates should have 5+ Years experience, B.E. degree, and strong Leadership."
95,Backend Developer,TechNova,0-2 Years,B.E.,"TechNova is hiring a Backend Developer. Required skills: Spring Boot, Git, REST API, Hibernate, PostgreSQL, Java. Candidates should have 0-2 Years experience, B.E. degree, and strong Teamwork."
96,Backend Developer,FinTechX,0-2 Years,B.E.,"FinTechX is hiring a Backend Developer. Required skills: Git, REST API, Hibernate, SQL, PostgreSQL, Spring Boot. Candidates should have 0-2 Years experience, B.E. degree, and strong Problem Solving."
97,Backend Developer,Insight Ltd,0-2 Years,B.E.,"Insight Ltd is hiring a Backend Developer. Required skills: SQL, PostgreSQL, Git, Hibernate, Docker, Spring Boot. Candidates should have 0-2 Years experience, B.E. degree, and strong Communication."
98,Backend Developer,CloudOps,0-2 Years,B.E.,"CloudOps is hiring a Backend Developer. Required skills: SQL, Hibernate, PostgreSQL, Git, REST API, Java. Candidates should have 0-2 Years experience, B.E. degree, and strong Communication."
99,Backend Developer,PixelSoft,3-5 Years,B.E.,"PixelSoft is hiring a Backend Developer. Required skills: Git, REST API, Java, Spring Boot, Docker, PostgreSQL. Candidates should have 3-5 Years experience, B.E. degree, and strong Teamwork."
100,Backend Developer,AI Labs,3-5 Years,B.E.,"AI Labs is hiring a Backend Developer. Required skills: SQL, Hibernate, Docker, Java, REST API, Spring Boot. Candidates should have 3-5 Years experience, B.E. degree, and strong Problem Solving."
101,Frontend Developer,PixelSoft,3-5 Years,B.Tech,"PixelSoft is hiring a Frontend Developer. Required skills: JavaScript, Git, Figma, TypeScript, HTML, CSS. Candidates should have 3-5 Years experience, B.Tech degree, and strong Leadership."
102,Frontend Developer,NextGen,0-2 Years,B.Tech,"NextGen is hiring a Frontend Developer. Required skills: React, HTML, Figma, TypeScript, CSS, JavaScript. Candidates should have 0-2 Years experience, B.Tech degree, and strong Communication."
103,Frontend Developer,FinTechX,3-5 Years,B.Tech,"FinTechX is hiring a Frontend Developer. Required skills: Figma, HTML, React, JavaScript, TypeScript, Git. Candidates should have 3-5 Years experience, B.Tech degree, and strong Communication."
104,Frontend Developer,CodeSphere,3-5 Years,B.Tech,"CodeSphere is hiring a Frontend Developer. Required skills: HTML, TypeScript, CSS, JavaScript, Git, Redux. Candidates should have 3-5 Years experience, B.Tech degree, and strong Communication."
105,Frontend Developer,CodeSphere,3-5 Years,B.Tech,"CodeSphere is hiring a Frontend Developer. Required skills: HTML, Redux, JavaScript, TypeScript, React, CSS. Candidates should have 3-5 Years experience, B.Tech degree, and strong Teamwork."
106,Frontend Developer,VisionAI,2-4 Years,B.Tech,"VisionAI is hiring a Frontend Developer. Required skills: JavaScript, HTML, React, Figma, Git, TypeScript. Candidates should have 2-4 Years experience, B.Tech degree, and strong Problem Solving."
107,Frontend Developer,DataMind,5+ Years,B.Tech,"DataMind is hiring a Frontend Developer. Required skills: Git, Figma, HTML, Redux, JavaScript, CSS. Candidates should have 5+ Years experience, B.Tech degree, and strong Leadership."
108,Frontend Developer,AI Labs,3-5 Years,B.Tech,"AI Labs is hiring a Frontend Developer. Required skills: HTML, CSS, Git, JavaScript, React, Redux. Candidates should have 3-5 Years experience, B.Tech degree, and strong Problem Solving."
109,Frontend Developer,VisionAI,3-5 Years,B.Tech,"VisionAI is hiring a Frontend Developer. Required skills: React, TypeScript, Redux, Git, HTML, Figma. Candidates should have 3-5 Years experience, B.Tech degree, and strong Leadership."
110,Frontend Developer,CloudOps,2-4 Years,B.Tech,"CloudOps is hiring a Frontend Developer. Required skills: Redux, TypeScript, CSS, Figma, HTML, JavaScript. Candidates should have 2-4 Years experience, B.Tech degree, and strong Teamwork."
111,Frontend Developer,NextGen,3-5 Years,B.Tech,"NextGen is hiring a Frontend Developer. Required skills: Git, JavaScript, HTML, React, TypeScript, Redux. Candidates should have 3-5 Years experience, B.Tech degree, and strong Leadership."
112,Frontend Developer,CodeSphere,3-5 Years,B.Tech,"CodeSphere is hiring a Frontend Developer. Required skills: TypeScript, HTML, React, JavaScript, Figma, Redux. Candidates should have 3-5 Years experience, B.Tech degree, and strong Leadership."
113,Frontend Developer,PixelSoft,3-5 Years,B.Tech,"PixelSoft is hiring a Frontend Developer. Required skills: React, Redux, JavaScript, HTML, Git, Figma. Candidates should have 3-5 Years experience, B.Tech degree, and strong Problem Solving."
114,Frontend Developer,VisionAI,3-5 Years,B.Tech,"VisionAI is hiring a Frontend Developer. Required skills: Git, Redux, React, TypeScript, HTML, JavaScript. Candidates should have 3-5 Years experience, B.Tech degree, and strong Communication."
115,Frontend Developer,NextGen,0-2 Years,B.Tech,"NextGen is hiring a Frontend Developer. Required skills: JavaScript, Figma, Redux, TypeScript, Git, CSS. Candidates should have 0-2 Years experience, B.Tech degree, and strong Communication."
116,Frontend Developer,TechNova,2-4 Years,B.Tech,"TechNova is hiring a Frontend Developer. Required skills: JavaScript, HTML, Figma, TypeScript, React, Git. Candidates should have 2-4 Years experience, B.Tech degree, and strong Problem Solving."
117,Frontend Developer,Insight Ltd,3-5 Years,B.Tech,"Insight Ltd is hiring a Frontend Developer. Required skills: Redux, TypeScript, HTML, JavaScript, CSS, Git. Candidates should have 3-5 Years experience, B.Tech degree, and strong Teamwork."
118,Frontend Developer,FinTechX,1-3 Years,B.Tech,"FinTechX is hiring a Frontend Developer. Required skills: TypeScript, JavaScript, React, CSS, HTML, Figma. Candidates should have 1-3 Years experience, B.Tech degree, and strong Teamwork."
119,Frontend Developer,FinTechX,0-2 Years,B.Tech,"FinTechX is hiring a Frontend Developer. Required skills: HTML, Figma, Redux, TypeScript, Git, JavaScript. Candidates should have 0-2 Years experience, B.Tech degree, and strong Problem Solving."
120,Frontend Developer,PixelSoft,3-5 Years,B.Tech,"PixelSoft is hiring a Frontend Developer. Required skills: TypeScript, React, HTML, Figma, CSS, Redux. Candidates should have 3-5 Years experience, B.Tech degree, and strong Leadership."
121,Frontend Developer,Insight Ltd,3-5 Years,B.Tech,"Insight Ltd is hiring a Frontend Developer. Required skills: CSS, JavaScript, HTML, Redux, React, Figma. Candidates should have 3-5 Years experience, B.Tech degree, and strong Problem Solving."
122,Frontend Developer,Insight Ltd,0-2 Years,B.Tech,"Insight Ltd is hiring a Frontend Developer. Required skills: CSS, Redux, TypeScript, React, HTML, JavaScript. Candidates should have 0-2 Years experience, B.Tech degree, and strong Communication."
123,Frontend Developer,Insight Ltd,1-3 Years,B.Tech,"Insight Ltd is hiring a Frontend Developer. Required skills: Figma, Git, TypeScript, JavaScript, Redux, React. Candidates should have 1-3 Years experience, B.Tech degree, and strong Problem Solving."
124,Frontend Developer,Insight Ltd,0-2 Years,B.Tech,"Insight Ltd is hiring a Frontend Developer. Required skills: TypeScript, Redux, React, Git, Figma, JavaScript. Candidates should have 0-2 Years experience, B.Tech degree, and strong Problem Solving."
125,Frontend Developer,DataMind,1-3 Years,B.Tech,"DataMind is hiring a Frontend Developer. Required skills: TypeScript, React, Figma, Redux, HTML, Git. Candidates should have 1-3 Years experience, B.Tech degree, and strong Problem Solving."
126,Frontend Developer,CodeSphere,2-4 Years,B.Tech,"CodeSphere is hiring a Frontend Developer. Required skills: CSS, Git, JavaScript, TypeScript, HTML, Redux. Candidates should have 2-4 Years experience, B.Tech degree, and strong Leadership."
127,Frontend Developer,TechNova,3-5 Years,B.Tech,"TechNova is hiring a Frontend Developer. Required skills: JavaScript, Figma, Git, HTML, TypeScript, React. Candidates should have 3-5 Years experience, B.Tech degree, and strong Problem Solving."
128,Frontend Developer,CodeSphere,2-4 Years,B.Tech,"CodeSphere is hiring a Frontend Developer. Required skills: JavaScript, HTML, TypeScript, Redux, Git, CSS. Candidates should have 2-4 Years experience, B.Tech degree, and strong Teamwork."
129,Frontend Developer,CodeSphere,1-3 Years,B.Tech,"CodeSphere is hiring a Frontend Developer. Required skills: Figma, React, CSS, Redux, TypeScript, HTML. Candidates should have 1-3 Years experience, B.Tech degree, and strong Leadership."
130,Frontend Developer,PixelSoft,0-2 Years,B.Tech,"PixelSoft is hiring a Frontend Developer. Required skills: CSS, Redux, HTML, React, JavaScript, Figma. Candidates should have 0-2 Years experience, B.Tech degree, and strong Leadership."
131,Frontend Developer,AI Labs,3-5 Years,B.Tech,"AI Labs is hiring a Frontend Developer. Required skills: JavaScript, React, Figma, CSS, Redux, HTML. Candidates should have 3-5 Years experience, B.Tech degree, and strong Leadership."
132,Frontend Developer,PixelSoft,3-5 Years,B.Tech,"PixelSoft is hiring a Frontend Developer. Required skills: TypeScript, HTML, Redux, React, Git, Figma. Candidates should have 3-5 Years experience, B.Tech degree, and strong Communication."
133,Frontend Developer,AI Labs,0-2 Years,B.Tech,"AI Labs is hiring a Frontend Developer. Required skills: Redux, JavaScript, HTML, Figma, Git, CSS. Candidates should have 0-2 Years experience, B.Tech degree, and strong Problem Solving."
134,Frontend Developer,CloudOps,0-2 Years,B.Tech,"CloudOps is hiring a Frontend Developer. Required skills: React, HTML, TypeScript, JavaScript, Figma, CSS. Candidates should have 0-2 Years experience, B.Tech degree, and strong Communication."
135,Frontend Developer,CodeSphere,1-3 Years,B.Tech,"CodeSphere is hiring a Frontend Developer. Required skills: React, Git, TypeScript, JavaScript, CSS, Redux. Candidates should have 1-3 Years experience, B.Tech degree, and strong Teamwork."
136,Frontend Developer,PixelSoft,0-2 Years,B.Tech,"PixelSoft is hiring a Frontend Developer. Required skills: HTML, Git, JavaScript, TypeScript, Redux, CSS. Candidates should have 0-2 Years experience, B.Tech degree, and strong Teamwork."
137,Frontend Developer,DataMind,0-2 Years,B.Tech,"DataMind is hiring a Frontend Developer. Required skills: TypeScript, CSS, Figma, JavaScript, React, Redux. Candidates should have 0-2 Years experience, B.Tech degree, and strong Communication."
138,Frontend Developer,PixelSoft,1-3 Years,B.Tech,"PixelSoft is hiring a Frontend Developer. Required skills: Redux, Git, JavaScript, CSS, TypeScript, React. Candidates should have 1-3 Years experience, B.Tech degree, and strong Communication."
139,Frontend Developer,FinTechX,0-2 Years,B.Tech,"FinTechX is hiring a Frontend Developer. Required skills: TypeScript, Redux, HTML, CSS, React, Figma. Candidates should have 0-2 Years experience, B.Tech degree, and strong Leadership."
140,Frontend Developer,Insight Ltd,1-3 Years,B.Tech,"Insight Ltd is hiring a Frontend Developer. Required skills: Redux, CSS, Git, React, HTML, TypeScript. Candidates should have 1-3 Years experience, B.Tech degree, and strong Communication."
141,Frontend Developer,NextGen,3-5 Years,B.Tech,"NextGen is hiring a Frontend Developer. Required skills: CSS, HTML, Redux, React, Figma, JavaScript. Candidates should have 3-5 Years experience, B.Tech degree, and strong Communication."
142,Frontend Developer,DataMind,5+ Years,B.Tech,"DataMind is hiring a Frontend Developer. Required skills: Figma, Redux, HTML, React, CSS, JavaScript. Candidates should have 5+ Years experience, B.Tech degree, and strong Communication."
143,Frontend Developer,VisionAI,5+ Years,B.Tech,"VisionAI is hiring a Frontend Developer. Required skills: TypeScript, Figma, CSS, Redux, Git, JavaScript. Candidates should have 5+ Years experience, B.Tech degree, and strong Problem Solving."
144,Frontend Developer,VisionAI,0-2 Years,B.Tech,"VisionAI is hiring a Frontend Developer. Required skills: Figma, CSS, Git, HTML, React, TypeScript. Candidates should have 0-2 Years experience, B.Tech degree, and strong Teamwork."
145,Frontend Developer,NextGen,3-5 Years,B.Tech,"NextGen is hiring a Frontend Developer. Required skills: Git, HTML, JavaScript, Figma, TypeScript, Redux. Candidates should have 3-5 Years experience, B.Tech degree, and strong Communication."
146,Frontend Developer,CodeSphere,3-5 Years,B.Tech,"CodeSphere is hiring a Frontend Developer. Required skills: Redux, HTML, TypeScript, Figma, CSS, React. Candidates should have 3-5 Years experience, B.Tech degree, and strong Communication."
147,Frontend Developer,TechNova,5+ Years,B.Tech,"TechNova is hiring a Frontend Developer. Required skills: JavaScript, React, HTML, Git, TypeScript, CSS. Candidates should have 5+ Years experience, B.Tech degree, and strong Problem Solving."
148,Frontend Developer,PixelSoft,5+ Years,B.Tech,"PixelSoft is hiring a Frontend Developer. Required skills: JavaScript, HTML, TypeScript, Git, React, Figma. Candidates should have 5+ Years experience, B.Tech degree, and strong Problem Solving."
149,Frontend Developer,CloudOps,3-5 Years,B.Tech,"CloudOps is hiring a Frontend Developer. Required skills: JavaScript, CSS, Git, Figma, Redux, TypeScript. Candidates should have 3-5 Years experience, B.Tech degree, and strong Communication."
150,Frontend Developer,CloudOps,5+ Years,B.Tech,"CloudOps is hiring a Frontend Developer. Required skills: Redux, Git, CSS, TypeScript, React, JavaScript. Candidates should have 5+ Years experience, B.Tech degree, and strong Leadership."
151,Data Scientist,PixelSoft,2-4 Years,M.Tech,"PixelSoft is hiring a Data Scientist. Required skills: Python, TensorFlow, SQL, NumPy, Power BI, Scikit-learn. Candidates should have 2-4 Years experience, M.Tech degree, and strong Problem Solving."
152,Data Scientist,TechNova,1-3 Years,M.Tech,"TechNova is hiring a Data Scientist. Required skills: SQL, Python, Pandas, Power BI, Scikit-learn, Machine Learning. Candidates should have 1-3 Years experience, M.Tech degree, and strong Communication."
153,Data Scientist,PixelSoft,2-4 Years,M.Tech,"PixelSoft is hiring a Data Scientist. Required skills: Scikit-learn, Power BI, Machine Learning, SQL, NumPy, Python. Candidates should have 2-4 Years experience, M.Tech degree, and strong Problem Solving."
154,Data Scientist,PixelSoft,0-2 Years,M.Tech,"PixelSoft is hiring a Data Scientist. Required skills: Pandas, Python, Power BI, SQL, Machine Learning, NumPy. Candidates should have 0-2 Years experience, M.Tech degree, and strong Leadership."
155,Data Scientist,VisionAI,1-3 Years,M.Tech,"VisionAI is hiring a Data Scientist. Required skills: Machine Learning, Scikit-learn, TensorFlow, Power BI, SQL, Pandas. Candidates should have 1-3 Years experience, M.Tech degree, and strong Communication."
156,Data Scientist,TechNova,2-4 Years,M.Tech,"TechNova is hiring a Data Scientist. Required skills: SQL, Scikit-learn, Python, NumPy, Machine Learning, TensorFlow. Candidates should have 2-4 Years experience, M.Tech degree, and strong Teamwork."
157,Data Scientist,DataMind,1-3 Years,M.Tech,"DataMind is hiring a Data Scientist. Required skills: Machine Learning, TensorFlow, Python, SQL, Pandas, Scikit-learn. Candidates should have 1-3 Years experience, M.Tech degree, and strong Problem Solving."
158,Data Scientist,DataMind,3-5 Years,M.Tech,"DataMind is hiring a Data Scientist. Required skills: TensorFlow, NumPy, Python, SQL, Scikit-learn, Machine Learning. Candidates should have 3-5 Years experience, M.Tech degree, and strong Teamwork."
159,Data Scientist,TechNova,3-5 Years,M.Tech,"TechNova is hiring a Data Scientist. Required skills: Machine Learning, TensorFlow, SQL, Pandas, NumPy, Python. Candidates should have 3-5 Years experience, M.Tech degree, and strong Leadership."
160,Data Scientist,NextGen,3-5 Years,M.Tech,"NextGen is hiring a Data Scientist. Required skills: Python, Scikit-learn, Power BI, NumPy, Machine Learning, TensorFlow. Candidates should have 3-5 Years experience, M.Tech degree, and strong Problem Solving."
161,Data Scientist,AI Labs,3-5 Years,M.Tech,"AI Labs is hiring a Data Scientist. Required skills: Pandas, Scikit-learn, Python, NumPy, Power BI, TensorFlow. Candidates should have 3-5 Years experience, M.Tech degree, and strong Communication."
162,Data Scientist,VisionAI,3-5 Years,M.Tech,"VisionAI is hiring a Data Scientist. Required skills: Machine Learning, Power BI, Python, Pandas, Scikit-learn, NumPy. Candidates should have 3-5 Years experience, M.Tech degree, and strong Communication."
163,Data Scientist,CodeSphere,1-3 Years,M.Tech,"CodeSphere is hiring a Data Scientist. Required skills: Machine Learning, Power BI, NumPy, SQL, Pandas, Scikit-learn. Candidates should have 1-3 Years experience, M.Tech degree, and strong Communication."
164,Data Scientist,DataMind,0-2 Years,M.Tech,"DataMind is hiring a Data Scientist. Required skills: Scikit-learn, Machine Learning, NumPy, SQL, Pandas, Python. Candidates should have 0-2 Years experience, M.Tech degree, and strong Problem Solving."
165,Data Scientist,FinTechX,3-5 Years,M.Tech,"FinTechX is hiring a Data Scientist. Required skills: Scikit-learn, Pandas, TensorFlow, Machine Learning, Python, Power BI. Candidates should have 3-5 Years experience, M.Tech degree, and strong Leadership."
166,Data Scientist,FinTechX,0-2 Years,M.Tech,"FinTechX is hiring a Data Scientist. Required skills: SQL, Machine Learning, Power BI, NumPy, Pandas, Scikit-learn. Candidates should have 0-2 Years experience, M.Tech degree, and strong Leadership."
167,Data Scientist,CodeSphere,5+ Years,M.Tech,"CodeSphere is hiring a Data Scientist. Required skills: TensorFlow, Machine Learning, NumPy, Power BI, Python, Pandas. Candidates should have 5+ Years experience, M.Tech degree, and strong Problem Solving."
168,Data Scientist,CodeSphere,0-2 Years,M.Tech,"CodeSphere is hiring a Data Scientist. Required skills: Power BI, Scikit-learn, Python, SQL, NumPy, Pandas. Candidates should have 0-2 Years experience, M.Tech degree, and strong Leadership."
169,Data Scientist,AI Labs,1-3 Years,M.Tech,"AI Labs is hiring a Data Scientist. Required skills: Power BI, TensorFlow, Machine Learning, Python, Scikit-learn, NumPy. Candidates should have 1-3 Years experience, M.Tech degree, and strong Leadership."
170,Data Scientist,VisionAI,0-2 Years,M.Tech,"VisionAI is hiring a Data Scientist. Required skills: NumPy, Python, Scikit-learn, Machine Learning, Power BI, SQL. Candidates should have 0-2 Years experience, M.Tech degree, and strong Teamwork."
171,Data Scientist,Insight Ltd,5+ Years,M.Tech,"Insight Ltd is hiring a Data Scientist. Required skills: Python, Pandas, SQL, Scikit-learn, TensorFlow, NumPy. Candidates should have 5+ Years experience, M.Tech degree, and strong Teamwork."
172,Data Scientist,TechNova,5+ Years,M.Tech,"TechNova is hiring a Data Scientist. Required skills: SQL, NumPy, Machine Learning, Scikit-learn, TensorFlow, Pandas. Candidates should have 5+ Years experience, M.Tech degree, and strong Problem Solving."
173,Data Scientist,Insight Ltd,2-4 Years,M.Tech,"Insight Ltd is hiring a Data Scientist. Required skills: Pandas, NumPy, Python, TensorFlow, Scikit-learn, Power BI. Candidates should have 2-4 Years experience, M.Tech degree, and strong Teamwork."
174,Data Scientist,DataMind,3-5 Years,M.Tech,"DataMind is hiring a Data Scientist. Required skills: SQL, Python, TensorFlow, Pandas, NumPy, Power BI. Candidates should have 3-5 Years experience, M.Tech degree, and strong Communication."
175,Data Scientist,CodeSphere,5+ Years,M.Tech,"CodeSphere is hiring a Data Scientist. Required skills: TensorFlow, Power BI, Scikit-learn, NumPy, Pandas, Machine Learning. Candidates should have 5+ Years experience, M.Tech degree, and strong Leadership."
176,Data Scientist,FinTechX,2-4 Years,M.Tech,"FinTechX is hiring a Data Scientist. Required skills: SQL, Python, NumPy, Power BI, Pandas, Machine Learning. Candidates should have 2-4 Years experience, M.Tech degree, and strong Teamwork."
177,Data Scientist,VisionAI,5+ Years,M.Tech,"VisionAI is hiring a Data Scientist. Required skills: Scikit-learn, Pandas, Machine Learning, Python, NumPy, TensorFlow. Candidates should have 5+ Years experience, M.Tech degree, and strong Communication."
178,Data Scientist,DataMind,1-3 Years,M.Tech,"DataMind is hiring a Data Scientist. Required skills: SQL, Machine Learning, TensorFlow, Pandas, Scikit-learn, Python. Candidates should have 1-3 Years experience, M.Tech degree, and strong Teamwork."
179,Data Scientist,PixelSoft,5+ Years,M.Tech,"PixelSoft is hiring a Data Scientist. Required skills: Power BI, Python, Scikit-learn, NumPy, Pandas, SQL. Candidates should have 5+ Years experience, M.Tech degree, and strong Leadership."
180,Data Scientist,Insight Ltd,2-4 Years,M.Tech,"Insight Ltd is hiring a Data Scientist. Required skills: Scikit-learn, TensorFlow, Pandas, NumPy, Power BI, Python. Candidates should have 2-4 Years experience, M.Tech degree, and strong Leadership."
181,Data Scientist,Insight Ltd,1-3 Years,M.Tech,"Insight Ltd is hiring a Data Scientist. Required skills: Power BI, Machine Learning, NumPy, Scikit-learn, TensorFlow, Python. Candidates should have 1-3 Years experience, M.Tech degree, and strong Teamwork."
182,Data Scientist,VisionAI,0-2 Years,M.Tech,"VisionAI is hiring a Data Scientist. Required skills: TensorFlow, Python, SQL, Scikit-learn, NumPy, Power BI. Candidates should have 0-2 Years experience, M.Tech degree, and strong Communication."
183,Data Scientist,NextGen,1-3 Years,M.Tech,"NextGen is hiring a Data Scientist. Required skills: TensorFlow, Python, Pandas, NumPy, Scikit-learn, Power BI. Candidates should have 1-3 Years experience, M.Tech degree, and strong Communication."
184,Data Scientist,NextGen,0-2 Years,M.Tech,"NextGen is hiring a Data Scientist. Required skills: Scikit-learn, Machine Learning, Power BI, NumPy, Python, Pandas. Candidates should have 0-2 Years experience, M.Tech degree, and strong Problem Solving."
185,Data Scientist,CodeSphere,2-4 Years,M.Tech,"CodeSphere is hiring a Data Scientist. Required skills: Scikit-learn, Power BI, Python, NumPy, Pandas, SQL. Candidates should have 2-4 Years experience, M.Tech degree, and strong Problem Solving."
186,Data Scientist,FinTechX,1-3 Years,M.Tech,"FinTechX is hiring a Data Scientist. Required skills: NumPy, Pandas, Python, Power BI, Scikit-learn, TensorFlow. Candidates should have 1-3 Years experience, M.Tech degree, and strong Leadership."
187,Data Scientist,Insight Ltd,5+ Years,M.Tech,"Insight Ltd is hiring a Data Scientist. Required skills: Python, Power BI, Machine Learning, NumPy, Pandas, SQL. Candidates should have 5+ Years experience, M.Tech degree, and strong Leadership."
188,Data Scientist,CloudOps,0-2 Years,M.Tech,"CloudOps is hiring a Data Scientist. Required skills: Pandas, Machine Learning, NumPy, Power BI, SQL, Python. Candidates should have 0-2 Years experience, M.Tech degree, and strong Leadership."
189,Data Scientist,Insight Ltd,5+ Years,M.Tech,"Insight Ltd is hiring a Data Scientist. Required skills: Power BI, Python, Machine Learning, Scikit-learn, SQL, NumPy. Candidates should have 5+ Years experience, M.Tech degree, and strong Teamwork."
190,Data Scientist,NextGen,5+ Years,M.Tech,"NextGen is hiring a Data Scientist. Required skills: NumPy, Power BI, Scikit-learn, Python, Machine Learning, TensorFlow. Candidates should have 5+ Years experience, M.Tech degree, and strong Teamwork."
191,Data Scientist,TechNova,3-5 Years,M.Tech,"TechNova is hiring a Data Scientist. Required skills: Pandas, TensorFlow, NumPy, Python, Machine Learning, Power BI. Candidates should have 3-5 Years experience, M.Tech degree, and strong Leadership."
192,Data Scientist,CloudOps,2-4 Years,M.Tech,"CloudOps is hiring a Data Scientist. Required skills: SQL, NumPy, Power BI, Python, Machine Learning, TensorFlow. Candidates should have 2-4 Years experience, M.Tech degree, and strong Communication."
193,Data Scientist,FinTechX,1-3 Years,M.Tech,"FinTechX is hiring a Data Scientist. Required skills: SQL, Pandas, Python, NumPy, TensorFlow, Scikit-learn. Candidates should have 1-3 Years experience, M.Tech degree, and strong Leadership."
194,Data Scientist,CloudOps,2-4 Years,M.Tech,"CloudOps is hiring a Data Scientist. Required skills: NumPy, Machine Learning, Pandas, Python, Scikit-learn, TensorFlow. Candidates should have 2-4 Years experience, M.Tech degree, and strong Communication."
195,Data Scientist,PixelSoft,3-5 Years,M.Tech,"PixelSoft is hiring a Data Scientist. Required skills: Scikit-learn, Python, NumPy, SQL, Power BI, TensorFlow. Candidates should have 3-5 Years experience, M.Tech degree, and strong Communication."
196,Data Scientist,AI Labs,0-2 Years,M.Tech,"AI Labs is hiring a Data Scientist. Required skills: Scikit-learn, NumPy, Machine Learning, Python, SQL, Pandas. Candidates should have 0-2 Years experience, M.Tech degree, and strong Leadership."
197,Data Scientist,FinTechX,3-5 Years,M.Tech,"FinTechX is hiring a Data Scientist. Required skills: Machine Learning, SQL, Scikit-learn, Power BI, NumPy, Python. Candidates should have 3-5 Years experience, M.Tech degree, and strong Problem Solving."
198,Data Scientist,DataMind,5+ Years,M.Tech,"DataMind is hiring a Data Scientist. Required skills: TensorFlow, Machine Learning, Python, Scikit-learn, SQL, Pandas. Candidates should have 5+ Years experience, M.Tech degree, and strong Problem Solving."
199,Data Scientist,Insight Ltd,3-5 Years,M.Tech,"Insight Ltd is hiring a Data Scientist. Required skills: SQL, Python, Machine Learning, NumPy, TensorFlow, Pandas. Candidates should have 3-5 Years experience, M.Tech degree, and strong Leadership."
200,Data Scientist,Insight Ltd,2-4 Years,M.Tech,"Insight Ltd is hiring a Data Scientist. Required skills: NumPy, SQL, Scikit-learn, Power BI, Machine Learning, Python. Candidates should have 2-4 Years experience, M.Tech degree, and strong Leadership."
201,Machine Learning Engineer,DataMind,5+ Years,B.Tech,"DataMind is hiring a Machine Learning Engineer. Required skills: Kubernetes, AWS, Python, NLP, Docker, PyTorch. Candidates should have 5+ Years experience, B.Tech degree, and strong Communication."
202,Machine Learning Engineer,CloudOps,0-2 Years,B.Tech,"CloudOps is hiring a Machine Learning Engineer. Required skills: TensorFlow, NLP, Kubernetes, Docker, Python, AWS. Candidates should have 0-2 Years experience, B.Tech degree, and strong Problem Solving."
203,Machine Learning Engineer,AI Labs,3-5 Years,B.Tech,"AI Labs is hiring a Machine Learning Engineer. Required skills: AWS, Docker, Kubernetes, Python, PyTorch, TensorFlow. Candidates should have 3-5 Years experience, B.Tech degree, and strong Problem Solving."
204,Machine Learning Engineer,NextGen,2-4 Years,B.Tech,"NextGen is hiring a Machine Learning Engineer. Required skills: LLM, NLP, Python, Kubernetes, PyTorch, TensorFlow. Candidates should have 2-4 Years experience, B.Tech degree, and strong Problem Solving."
205,Machine Learning Engineer,NextGen,5+ Years,B.Tech,"NextGen is hiring a Machine Learning Engineer. Required skills: Kubernetes, PyTorch, Python, AWS, NLP, Docker. Candidates should have 5+ Years experience, B.Tech degree, and strong Communication."
206,Machine Learning Engineer,FinTechX,2-4 Years,B.Tech,"FinTechX is hiring a Machine Learning Engineer. Required skills: Kubernetes, NLP, TensorFlow, Docker, PyTorch, AWS. Candidates should have 2-4 Years experience, B.Tech degree, and strong Teamwork."
207,Machine Learning Engineer,CodeSphere,3-5 Years,B.Tech,"CodeSphere is hiring a Machine Learning Engineer. Required skills: PyTorch, LLM, Python, Docker, NLP, TensorFlow. Candidates should have 3-5 Years experience, B.Tech degree, and strong Problem Solving."
208,Machine Learning Engineer,DataMind,1-3 Years,B.Tech,"DataMind is hiring a Machine Learning Engineer. Required skills: AWS, LLM, Python, Kubernetes, TensorFlow, PyTorch. Candidates should have 1-3 Years experience, B.Tech degree, and strong Problem Solving."
209,Machine Learning Engineer,AI Labs,0-2 Years,B.Tech,"AI Labs is hiring a Machine Learning Engineer. Required skills: Docker, Python, PyTorch, AWS, Kubernetes, LLM. Candidates should have 0-2 Years experience, B.Tech degree, and strong Problem Solving."
210,Machine Learning Engineer,NextGen,2-4 Years,B.Tech,"NextGen is hiring a Machine Learning Engineer. Required skills: LLM, NLP, Kubernetes, PyTorch, Python, Docker. Candidates should have 2-4 Years experience, B.Tech degree, and strong Leadership."
211,Machine Learning Engineer,CodeSphere,2-4 Years,B.Tech,"CodeSphere is hiring a Machine Learning Engineer. Required skills: NLP, LLM, Docker, Kubernetes, Python, AWS. Candidates should have 2-4 Years experience, B.Tech degree, and strong Leadership."
212,Machine Learning Engineer,DataMind,5+ Years,B.Tech,"DataMind is hiring a Machine Learning Engineer. Required skills: LLM, AWS, Kubernetes, TensorFlow, PyTorch, NLP. Candidates should have 5+ Years experience, B.Tech degree, and strong Teamwork."
213,Machine Learning Engineer,DataMind,1-3 Years,B.Tech,"DataMind is hiring a Machine Learning Engineer. Required skills: NLP, Kubernetes, Python, AWS, PyTorch, Docker. Candidates should have 1-3 Years experience, B.Tech degree, and strong Problem Solving."
214,Machine Learning Engineer,VisionAI,1-3 Years,B.Tech,"VisionAI is hiring a Machine Learning Engineer. Required skills: Docker, TensorFlow, Kubernetes, NLP, Python, PyTorch. Candidates should have 1-3 Years experience, B.Tech degree, and strong Problem Solving."
215,Machine Learning Engineer,Insight Ltd,1-3 Years,B.Tech,"Insight Ltd is hiring a Machine Learning Engineer. Required skills: TensorFlow, AWS, LLM, Kubernetes, Python, NLP. Candidates should have 1-3 Years experience, B.Tech degree, and strong Teamwork."
216,Machine Learning Engineer,TechNova,0-2 Years,B.Tech,"TechNova is hiring a Machine Learning Engineer. Required skills: TensorFlow, AWS, Kubernetes, NLP, LLM, Docker. Candidates should have 0-2 Years experience, B.Tech degree, and strong Communication."
217,Machine Learning Engineer,Insight Ltd,3-5 Years,B.Tech,"Insight Ltd is hiring a Machine Learning Engineer. Required skills: Python, AWS, Kubernetes, TensorFlow, PyTorch, NLP. Candidates should have 3-5 Years experience, B.Tech degree, and strong Communication."
218,Machine Learning Engineer,NextGen,1-3 Years,B.Tech,"NextGen is hiring a Machine Learning Engineer. Required skills: LLM, AWS, Kubernetes, TensorFlow, NLP, PyTorch. Candidates should have 1-3 Years experience, B.Tech degree, and strong Problem Solving."
219,Machine Learning Engineer,FinTechX,3-5 Years,B.Tech,"FinTechX is hiring a Machine Learning Engineer. Required skills: LLM, Python, AWS, NLP, PyTorch, Docker. Candidates should have 3-5 Years experience, B.Tech degree, and strong Leadership."
220,Machine Learning Engineer,AI Labs,2-4 Years,B.Tech,"AI Labs is hiring a Machine Learning Engineer. Required skills: Docker, TensorFlow, Kubernetes, PyTorch, NLP, LLM. Candidates should have 2-4 Years experience, B.Tech degree, and strong Leadership."
221,Machine Learning Engineer,FinTechX,1-3 Years,B.Tech,"FinTechX is hiring a Machine Learning Engineer. Required skills: TensorFlow, NLP, LLM, Kubernetes, Python, PyTorch. Candidates should have 1-3 Years experience, B.Tech degree, and strong Communication."
222,Machine Learning Engineer,NextGen,2-4 Years,B.Tech,"NextGen is hiring a Machine Learning Engineer. Required skills: Kubernetes, Docker, PyTorch, AWS, Python, NLP. Candidates should have 2-4 Years experience, B.Tech degree, and strong Leadership."
223,Machine Learning Engineer,FinTechX,1-3 Years,B.Tech,"FinTechX is hiring a Machine Learning Engineer. Required skills: Docker, NLP, PyTorch, TensorFlow, Kubernetes, Python. Candidates should have 1-3 Years experience, B.Tech degree, and strong Leadership."
224,Machine Learning Engineer,FinTechX,5+ Years,B.Tech,"FinTechX is hiring a Machine Learning Engineer. Required skills: LLM, TensorFlow, Docker, Python, Kubernetes, PyTorch. Candidates should have 5+ Years experience, B.Tech degree, and strong Teamwork."
225,Machine Learning Engineer,Insight Ltd,3-5 Years,B.Tech,"Insight Ltd is hiring a Machine Learning Engineer. Required skills: Docker, Kubernetes, TensorFlow, Python, NLP, PyTorch. Candidates should have 3-5 Years experience, B.Tech degree, and strong Leadership."
226,Machine Learning Engineer,AI Labs,2-4 Years,B.Tech,"AI Labs is hiring a Machine Learning Engineer. Required skills: Kubernetes, LLM, Python, AWS, Docker, NLP. Candidates should have 2-4 Years experience, B.Tech degree, and strong Leadership."
227,Machine Learning Engineer,PixelSoft,5+ Years,B.Tech,"PixelSoft is hiring a Machine Learning Engineer. Required skills: AWS, Python, Docker, NLP, PyTorch, LLM. Candidates should have 5+ Years experience, B.Tech degree, and strong Communication."
228,Machine Learning Engineer,CodeSphere,5+ Years,B.Tech,"CodeSphere is hiring a Machine Learning Engineer. Required skills: NLP, Kubernetes, Docker, LLM, TensorFlow, AWS. Candidates should have 5+ Years experience, B.Tech degree, and strong Teamwork."
229,Machine Learning Engineer,Insight Ltd,1-3 Years,B.Tech,"Insight Ltd is hiring a Machine Learning Engineer. Required skills: PyTorch, Docker, TensorFlow, AWS, Kubernetes, Python. Candidates should have 1-3 Years experience, B.Tech degree, and strong Leadership."
230,Machine Learning Engineer,FinTechX,5+ Years,B.Tech,"FinTechX is hiring a Machine Learning Engineer. Required skills: Python, LLM, NLP, PyTorch, TensorFlow, Kubernetes. Candidates should have 5+ Years experience, B.Tech degree, and strong Teamwork."
231,Machine Learning Engineer,PixelSoft,5+ Years,B.Tech,"PixelSoft is hiring a Machine Learning Engineer. Required skills: TensorFlow, LLM, Kubernetes, NLP, PyTorch, Docker. Candidates should have 5+ Years experience, B.Tech degree, and strong Problem Solving."
232,Machine Learning Engineer,AI Labs,2-4 Years,B.Tech,"AI Labs is hiring a Machine Learning Engineer. Required skills: LLM, AWS, Kubernetes, TensorFlow, Docker, Python. Candidates should have 2-4 Years experience, B.Tech degree, and strong Communication."
233,Machine Learning Engineer,Insight Ltd,5+ Years,B.Tech,"Insight Ltd is hiring a Machine Learning Engineer. Required skills: NLP, Kubernetes, TensorFlow, Python, Docker, PyTorch. Candidates should have 5+ Years experience, B.Tech degree, and strong Teamwork."
234,Machine Learning Engineer,TechNova,1-3 Years,B.Tech,"TechNova is hiring a Machine Learning Engineer. Required skills: Python, Kubernetes, Docker, PyTorch, AWS, LLM. Candidates should have 1-3 Years experience, B.Tech degree, and strong Communication."
235,Machine Learning Engineer,CloudOps,3-5 Years,B.Tech,"CloudOps is hiring a Machine Learning Engineer. Required skills: Docker, Python, LLM, TensorFlow, AWS, NLP. Candidates should have 3-5 Years experience, B.Tech degree, and strong Leadership."
236,Machine Learning Engineer,VisionAI,1-3 Years,B.Tech,"VisionAI is hiring a Machine Learning Engineer. Required skills: LLM, NLP, AWS, Python, PyTorch, TensorFlow. Candidates should have 1-3 Years experience, B.Tech degree, and strong Problem Solving."
237,Machine Learning Engineer,AI Labs,5+ Years,B.Tech,"AI Labs is hiring a Machine Learning Engineer. Required skills: LLM, Kubernetes, Docker, TensorFlow, PyTorch, AWS. Candidates should have 5+ Years experience, B.Tech degree, and strong Problem Solving."
238,Machine Learning Engineer,PixelSoft,5+ Years,B.Tech,"PixelSoft is hiring a Machine Learning Engineer. Required skills: Kubernetes, LLM, Docker, PyTorch, NLP, AWS. Candidates should have 5+ Years experience, B.Tech degree, and strong Teamwork."
239,Machine Learning Engineer,AI Labs,3-5 Years,B.Tech,"AI Labs is hiring a Machine Learning Engineer. Required skills: Kubernetes, NLP, TensorFlow, PyTorch, Docker, LLM. Candidates should have 3-5 Years experience, B.Tech degree, and strong Problem Solving."
240,Machine Learning Engineer,DataMind,2-4 Years,B.Tech,"DataMind is hiring a Machine Learning Engineer. Required skills: Kubernetes, Python, LLM, AWS, Docker, PyTorch. Candidates should have 2-4 Years experience, B.Tech degree, and strong Problem Solving."
241,Machine Learning Engineer,FinTechX,2-4 Years,B.Tech,"FinTechX is hiring a Machine Learning Engineer. Required skills: Python, TensorFlow, AWS, LLM, NLP, PyTorch. Candidates should have 2-4 Years experience, B.Tech degree, and strong Teamwork."
242,Machine Learning Engineer,Insight Ltd,0-2 Years,B.Tech,"Insight Ltd is hiring a Machine Learning Engineer. Required skills: Docker, NLP, Kubernetes, TensorFlow, AWS, Python. Candidates should have 0-2 Years experience, B.Tech degree, and strong Teamwork."
243,Machine Learning Engineer,TechNova,1-3 Years,B.Tech,"TechNova is hiring a Machine Learning Engineer. Required skills: Docker, Python, AWS, Kubernetes, PyTorch, TensorFlow. Candidates should have 1-3 Years experience, B.Tech degree, and strong Communication."
244,Machine Learning Engineer,TechNova,1-3 Years,B.Tech,"TechNova is hiring a Machine Learning Engineer. Required skills: NLP, TensorFlow, AWS, Docker, Python, LLM. Candidates should have 1-3 Years experience, B.Tech degree, and strong Teamwork."
245,Machine Learning Engineer,PixelSoft,2-4 Years,B.Tech,"PixelSoft is hiring a Machine Learning Engineer. Required skills: NLP, AWS, Docker, LLM, PyTorch, Kubernetes. Candidates should have 2-4 Years experience, B.Tech degree, and strong Communication."
246,Machine Learning Engineer,DataMind,3-5 Years,B.Tech,"DataMind is hiring a Machine Learning Engineer. Required skills: PyTorch, AWS, Kubernetes, LLM, Python, Docker. Candidates should have 3-5 Years experience, B.Tech degree, and strong Communication."
247,Machine Learning Engineer,PixelSoft,0-2 Years,B.Tech,"PixelSoft is hiring a Machine Learning Engineer. Required skills: NLP, LLM, Docker, PyTorch, TensorFlow, Python. Candidates should have 0-2 Years experience, B.Tech degree, and strong Communication."
248,Machine Learning Engineer,FinTechX,5+ Years,B.Tech,"FinTechX is hiring a Machine Learning Engineer. Required skills: AWS, TensorFlow, Docker, Kubernetes, LLM, Python. Candidates should have 5+ Years experience, B.Tech degree, and strong Problem Solving."
249,Machine Learning Engineer,PixelSoft,3-5 Years,B.Tech,"PixelSoft is hiring a Machine Learning Engineer. Required skills: Docker, NLP, Python, TensorFlow, PyTorch, Kubernetes. Candidates should have 3-5 Years experience, B.Tech degree, and strong Teamwork."
250,Machine Learning Engineer,NextGen,5+ Years,B.Tech,"NextGen is hiring a Machine Learning Engineer. Required skills: Python, AWS, TensorFlow, NLP, PyTorch, LLM. Candidates should have 5+ Years experience, B.Tech degree, and strong Leadership."
251,DevOps Engineer,AI Labs,3-5 Years,B.E.,"AI Labs is hiring a DevOps Engineer. Required skills: CI/CD, Docker, AWS, Git, Kubernetes, Linux. Candidates should have 3-5 Years experience, B.E. degree, and strong Teamwork."
252,DevOps Engineer,PixelSoft,2-4 Years,B.E.,"PixelSoft is hiring a DevOps Engineer. Required skills: Docker, Jenkins, AWS, Kubernetes, CI/CD, Linux. Candidates should have 2-4 Years experience, B.E. degree, and strong Communication."
253,DevOps Engineer,FinTechX,0-2 Years,B.E.,"FinTechX is hiring a DevOps Engineer. Required skills: Linux, CI/CD, Jenkins, Kubernetes, Docker, Git. Candidates should have 0-2 Years experience, B.E. degree, and strong Problem Solving."
254,DevOps Engineer,PixelSoft,0-2 Years,B.E.,"PixelSoft is hiring a DevOps Engineer. Required skills: Jenkins, AWS, CI/CD, Linux, Terraform, Git. Candidates should have 0-2 Years experience, B.E. degree, and strong Problem Solving."
255,DevOps Engineer,AI Labs,5+ Years,B.E.,"AI Labs is hiring a DevOps Engineer. Required skills: AWS, Kubernetes, Git, Terraform, CI/CD, Linux. Candidates should have 5+ Years experience, B.E. degree, and strong Leadership."
256,DevOps Engineer,CodeSphere,5+ Years,B.E.,"CodeSphere is hiring a DevOps Engineer. Required skills: Terraform, Git, Linux, Kubernetes, CI/CD, Jenkins. Candidates should have 5+ Years experience, B.E. degree, and strong Leadership."
257,DevOps Engineer,CloudOps,5+ Years,B.E.,"CloudOps is hiring a DevOps Engineer. Required skills: CI/CD, Docker, Linux, Git, Terraform, Jenkins. Candidates should have 5+ Years experience, B.E. degree, and strong Teamwork."
258,DevOps Engineer,Insight Ltd,1-3 Years,B.E.,"Insight Ltd is hiring a DevOps Engineer. Required skills: Jenkins, Terraform, Linux, AWS, Docker, Git. Candidates should have 1-3 Years experience, B.E. degree, and strong Leadership."
259,DevOps Engineer,NextGen,5+ Years,B.E.,"NextGen is hiring a DevOps Engineer. Required skills: Kubernetes, Linux, AWS, Docker, CI/CD, Git. Candidates should have 5+ Years experience, B.E. degree, and strong Leadership."
260,DevOps Engineer,TechNova,2-4 Years,B.E.,"TechNova is hiring a DevOps Engineer. Required skills: Docker, Linux, AWS, Jenkins, Terraform, Kubernetes. Candidates should have 2-4 Years experience, B.E. degree, and strong Teamwork."
261,DevOps Engineer,CodeSphere,0-2 Years,B.E.,"CodeSphere is hiring a DevOps Engineer. Required skills: Kubernetes, Docker, AWS, Jenkins, Git, Linux. Candidates should have 0-2 Years experience, B.E. degree, and strong Leadership."
262,DevOps Engineer,AI Labs,3-5 Years,B.E.,"AI Labs is hiring a DevOps Engineer. Required skills: Docker, Jenkins, AWS, Kubernetes, Linux, Git. Candidates should have 3-5 Years experience, B.E. degree, and strong Leadership."
263,DevOps Engineer,DataMind,5+ Years,B.E.,"DataMind is hiring a DevOps Engineer. Required skills: Terraform, Git, AWS, CI/CD, Docker, Jenkins. Candidates should have 5+ Years experience, B.E. degree, and strong Problem Solving."
264,DevOps Engineer,TechNova,1-3 Years,B.E.,"TechNova is hiring a DevOps Engineer. Required skills: Kubernetes, Terraform, Linux, AWS, Git, Jenkins. Candidates should have 1-3 Years experience, B.E. degree, and strong Communication."
265,DevOps Engineer,CloudOps,3-5 Years,B.E.,"CloudOps is hiring a DevOps Engineer. Required skills: Linux, AWS, CI/CD, Terraform, Git, Jenkins. Candidates should have 3-5 Years experience, B.E. degree, and strong Teamwork."
266,DevOps Engineer,TechNova,0-2 Years,B.E.,"TechNova is hiring a DevOps Engineer. Required skills: Terraform, Jenkins, Kubernetes, Git, CI/CD, Linux. Candidates should have 0-2 Years experience, B.E. degree, and strong Leadership."
267,DevOps Engineer,FinTechX,0-2 Years,B.E.,"FinTechX is hiring a DevOps Engineer. Required skills: Docker, Kubernetes, Git, Terraform, Linux, Jenkins. Candidates should have 0-2 Years experience, B.E. degree, and strong Communication."
268,DevOps Engineer,CloudOps,5+ Years,B.E.,"CloudOps is hiring a DevOps Engineer. Required skills: AWS, CI/CD, Docker, Terraform, Linux, Git. Candidates should have 5+ Years experience, B.E. degree, and strong Communication."
269,DevOps Engineer,AI Labs,5+ Years,B.E.,"AI Labs is hiring a DevOps Engineer. Required skills: Jenkins, Linux, Terraform, Kubernetes, CI/CD, AWS. Candidates should have 5+ Years experience, B.E. degree, and strong Teamwork."
270,DevOps Engineer,PixelSoft,2-4 Years,B.E.,"PixelSoft is hiring a DevOps Engineer. Required skills: Linux, Kubernetes, CI/CD, Terraform, Git, AWS. Candidates should have 2-4 Years experience, B.E. degree, and strong Communication."
271,DevOps Engineer,NextGen,2-4 Years,B.E.,"NextGen is hiring a DevOps Engineer. Required skills: Jenkins, CI/CD, Git, AWS, Linux, Docker. Candidates should have 2-4 Years experience, B.E. degree, and strong Problem Solving."
272,DevOps Engineer,FinTechX,5+ Years,B.E.,"FinTechX is hiring a DevOps Engineer. Required skills: Git, AWS, Kubernetes, Jenkins, Terraform, Docker. Candidates should have 5+ Years experience, B.E. degree, and strong Teamwork."
273,DevOps Engineer,NextGen,5+ Years,B.E.,"NextGen is hiring a DevOps Engineer. Required skills: AWS, Jenkins, CI/CD, Kubernetes, Terraform, Docker. Candidates should have 5+ Years experience, B.E. degree, and strong Leadership."
274,DevOps Engineer,FinTechX,0-2 Years,B.E.,"FinTechX is hiring a DevOps Engineer. Required skills: Jenkins, AWS, Kubernetes, Terraform, CI/CD, Git. Candidates should have 0-2 Years experience, B.E. degree, and strong Problem Solving."
275,DevOps Engineer,Insight Ltd,3-5 Years,B.E.,"Insight Ltd is hiring a DevOps Engineer. Required skills: Kubernetes, Linux, CI/CD, Terraform, Docker, Git. Candidates should have 3-5 Years experience, B.E. degree, and strong Communication."
276,DevOps Engineer,AI Labs,1-3 Years,B.E.,"AI Labs is hiring a DevOps Engineer. Required skills: Kubernetes, Terraform, Linux, CI/CD, Git, AWS. Candidates should have 1-3 Years experience, B.E. degree, and strong Problem Solving."
277,DevOps Engineer,CloudOps,5+ Years,B.E.,"CloudOps is hiring a DevOps Engineer. Required skills: Docker, Kubernetes, Git, Terraform, AWS, Linux. Candidates should have 5+ Years experience, B.E. degree, and strong Leadership."
278,DevOps Engineer,AI Labs,5+ Years,B.E.,"AI Labs is hiring a DevOps Engineer. Required skills: AWS, Linux, Jenkins, CI/CD, Terraform, Kubernetes. Candidates should have 5+ Years experience, B.E. degree, and strong Problem Solving."
279,DevOps Engineer,AI Labs,3-5 Years,B.E.,"AI Labs is hiring a DevOps Engineer. Required skills: Linux, Jenkins, Terraform, AWS, CI/CD, Docker. Candidates should have 3-5 Years experience, B.E. degree, and strong Teamwork."
280,DevOps Engineer,TechNova,1-3 Years,B.E.,"TechNova is hiring a DevOps Engineer. Required skills: CI/CD, Jenkins, AWS, Docker, Kubernetes, Git. Candidates should have 1-3 Years experience, B.E. degree, and strong Problem Solving."
281,DevOps Engineer,Insight Ltd,3-5 Years,B.E.,"Insight Ltd is hiring a DevOps Engineer. Required skills: Git, Jenkins, Kubernetes, CI/CD, Terraform, Docker. Candidates should have 3-5 Years experience, B.E. degree, and strong Teamwork."
282,DevOps Engineer,FinTechX,3-5 Years,B.E.,"FinTechX is hiring a DevOps Engineer. Required skills: Terraform, Linux, CI/CD, Jenkins, Git, Kubernetes. Candidates should have 3-5 Years experience, B.E. degree, and strong Teamwork."
283,DevOps Engineer,TechNova,5+ Years,B.E.,"TechNova is hiring a DevOps Engineer. Required skills: CI/CD, Kubernetes, Git, Linux, AWS, Docker. Candidates should have 5+ Years experience, B.E. degree, and strong Communication."
284,DevOps Engineer,CloudOps,1-3 Years,B.E.,"CloudOps is hiring a DevOps Engineer. Required skills: Kubernetes, Git, CI/CD, Docker, Linux, Terraform. Candidates should have 1-3 Years experience, B.E. degree, and strong Communication."
285,DevOps Engineer,Insight Ltd,0-2 Years,B.E.,"Insight Ltd is hiring a DevOps Engineer. Required skills: Jenkins, Docker, Kubernetes, Linux, AWS, CI/CD. Candidates should have 0-2 Years experience, B.E. degree, and strong Leadership."
286,DevOps Engineer,VisionAI,0-2 Years,B.E.,"VisionAI is hiring a DevOps Engineer. Required skills: Terraform, Docker, Git, Linux, AWS, CI/CD. Candidates should have 0-2 Years experience, B.E. degree, and strong Problem Solving."
287,DevOps Engineer,VisionAI,0-2 Years,B.E.,"VisionAI is hiring a DevOps Engineer. Required skills: Linux, Docker, Terraform, AWS, Kubernetes, Git. Candidates should have 0-2 Years experience, B.E. degree, and strong Teamwork."
288,DevOps Engineer,NextGen,2-4 Years,B.E.,"NextGen is hiring a DevOps Engineer. Required skills: AWS, Kubernetes, Linux, CI/CD, Jenkins, Git. Candidates should have 2-4 Years experience, B.E. degree, and strong Communication."
289,DevOps Engineer,PixelSoft,1-3 Years,B.E.,"PixelSoft is hiring a DevOps Engineer. Required skills: CI/CD, AWS, Git, Linux, Kubernetes, Jenkins. Candidates should have 1-3 Years experience, B.E. degree, and strong Communication."
290,DevOps Engineer,TechNova,3-5 Years,B.E.,"TechNova is hiring a DevOps Engineer. Required skills: Docker, Terraform, AWS, CI/CD, Linux, Jenkins. Candidates should have 3-5 Years experience, B.E. degree, and strong Communication."
291,DevOps Engineer,VisionAI,0-2 Years,B.E.,"VisionAI is hiring a DevOps Engineer. Required skills: Jenkins, Docker, AWS, CI/CD, Terraform, Linux. Candidates should have 0-2 Years experience, B.E. degree, and strong Communication."
292,DevOps Engineer,CodeSphere,0-2 Years,B.E.,"CodeSphere is hiring a DevOps Engineer. Required skills: AWS, Kubernetes, CI/CD, Linux, Terraform, Git. Candidates should have 0-2 Years experience, B.E. degree, and strong Problem Solving."
293,DevOps Engineer,NextGen,1-3 Years,B.E.,"NextGen is hiring a DevOps Engineer. Required skills: Docker, Kubernetes, Jenkins, Terraform, Git, CI/CD. Candidates should have 1-3 Years experience, B.E. degree, and strong Communication."
294,DevOps Engineer,AI Labs,5+ Years,B.E.,"AI Labs is hiring a DevOps Engineer. Required skills: Linux, Kubernetes, Terraform, Git, AWS, Jenkins. Candidates should have 5+ Years experience, B.E. degree, and strong Leadership."
295,DevOps Engineer,NextGen,0-2 Years,B.E.,"NextGen is hiring a DevOps Engineer. Required skills: Jenkins, Git, CI/CD, Docker, Terraform, Linux. Candidates should have 0-2 Years experience, B.E. degree, and strong Teamwork."
296,DevOps Engineer,PixelSoft,0-2 Years,B.E.,"PixelSoft is hiring a DevOps Engineer. Required skills: Kubernetes, Jenkins, Linux, CI/CD, AWS, Terraform. Candidates should have 0-2 Years experience, B.E. degree, and strong Leadership."
297,DevOps Engineer,Insight Ltd,1-3 Years,B.E.,"Insight Ltd is hiring a DevOps Engineer. Required skills: Terraform, Kubernetes, Jenkins, Linux, AWS, Git. Candidates should have 1-3 Years experience, B.E. degree, and strong Leadership."
298,DevOps Engineer,CodeSphere,0-2 Years,B.E.,"CodeSphere is hiring a DevOps Engineer. Required skills: Kubernetes, Git, Linux, Jenkins, Terraform, CI/CD. Candidates should have 0-2 Years experience, B.E. degree, and strong Problem Solving."
299,DevOps Engineer,CodeSphere,2-4 Years,B.E.,"CodeSphere is hiring a DevOps Engineer. Required skills: Jenkins, AWS, CI/CD, Kubernetes, Git, Linux. Candidates should have 2-4 Years experience, B.E. degree, and strong Communication."
300,DevOps Engineer,CodeSphere,1-3 Years,B.E.,"CodeSphere is hiring a DevOps Engineer. Required skills: Docker, Jenkins, AWS, Git, Linux, Terraform. Candidates should have 1-3 Years experience, B.E. degree, and strong Teamwork."
301,Data Analyst,CodeSphere,0-2 Years,B.Com,"CodeSphere is hiring a Data Analyst. Required skills: Statistics, Python, Tableau, Pandas, Communication, SQL. Candidates should have 0-2 Years experience, B.Com degree, and strong Problem Solving."
302,Data Analyst,NextGen,2-4 Years,B.Com,"NextGen is hiring a Data Analyst. Required skills: Power BI, Tableau, Statistics, Excel, Python, SQL. Candidates should have 2-4 Years experience, B.Com degree, and strong Leadership."
303,Data Analyst,DataMind,3-5 Years,B.Com,"DataMind is hiring a Data Analyst. Required skills: Power BI, Pandas, Tableau, Communication, Statistics, Excel. Candidates should have 3-5 Years experience, B.Com degree, and strong Teamwork."
304,Data Analyst,NextGen,1-3 Years,B.Com,"NextGen is hiring a Data Analyst. Required skills: Tableau, Excel, Statistics, Python, Power BI, SQL. Candidates should have 1-3 Years experience, B.Com degree, and strong Problem Solving."
305,Data Analyst,FinTechX,1-3 Years,B.Com,"FinTechX is hiring a Data Analyst. Required skills: Statistics, Excel, Python, SQL, Communication, Power BI. Candidates should have 1-3 Years experience, B.Com degree, and strong Teamwork."
306,Data Analyst,Insight Ltd,2-4 Years,B.Com,"Insight Ltd is hiring a Data Analyst. Required skills: Communication, SQL, Power BI, Excel, Statistics, Pandas. Candidates should have 2-4 Years experience, B.Com degree, and strong Leadership."
307,Data Analyst,Insight Ltd,2-4 Years,B.Com,"Insight Ltd is hiring a Data Analyst. Required skills: Pandas, Python, Excel, Statistics, Power BI, Tableau. Candidates should have 2-4 Years experience, B.Com degree, and strong Teamwork."
308,Data Analyst,Insight Ltd,3-5 Years,B.Com,"Insight Ltd is hiring a Data Analyst. Required skills: Communication, Excel, Power BI, Python, Statistics, Pandas. Candidates should have 3-5 Years experience, B.Com degree, and strong Teamwork."
309,Data Analyst,CloudOps,5+ Years,B.Com,"CloudOps is hiring a Data Analyst. Required skills: Pandas, Python, Excel, Statistics, Communication, SQL. Candidates should have 5+ Years experience, B.Com degree, and strong Teamwork."
310,Data Analyst,NextGen,0-2 Years,B.Com,"NextGen is hiring a Data Analyst. Required skills: SQL, Pandas, Python, Power BI, Statistics, Tableau. Candidates should have 0-2 Years experience, B.Com degree, and strong Leadership."
311,Data Analyst,NextGen,1-3 Years,B.Com,"NextGen is hiring a Data Analyst. Required skills: Excel, Pandas, Communication, Power BI, Statistics, Python. Candidates should have 1-3 Years experience, B.Com degree, and strong Leadership."
312,Data Analyst,NextGen,5+ Years,B.Com,"NextGen is hiring a Data Analyst. Required skills: Power BI, Python, Tableau, Statistics, Pandas, Excel. Candidates should have 5+ Years experience, B.Com degree, and strong Communication."
313,Data Analyst,AI Labs,1-3 Years,B.Com,"AI Labs is hiring a Data Analyst. Required skills: Pandas, Communication, Tableau, Statistics, SQL, Python. Candidates should have 1-3 Years experience, B.Com degree, and strong Teamwork."
314,Data Analyst,TechNova,0-2 Years,B.Com,"TechNova is hiring a Data Analyst. Required skills: SQL, Tableau, Pandas, Python, Excel, Power BI. Candidates should have 0-2 Years experience, B.Com degree, and strong Communication."
315,Data Analyst,NextGen,2-4 Years,B.Com,"NextGen is hiring a Data Analyst. Required skills: Tableau, Power BI, Communication, Pandas, Statistics, Python. Candidates should have 2-4 Years experience, B.Com degree, and strong Leadership."
316,Data Analyst,CodeSphere,3-5 Years,B.Com,"CodeSphere is hiring a Data Analyst. Required skills: Excel, Communication, SQL, Python, Pandas, Power BI. Candidates should have 3-5 Years experience, B.Com degree, and strong Communication."
317,Data Analyst,FinTechX,5+ Years,B.Com,"FinTechX is hiring a Data Analyst. Required skills: Excel, Communication, Statistics, Pandas, Python, SQL. Candidates should have 5+ Years experience, B.Com degree, and strong Problem Solving."
318,Data Analyst,TechNova,2-4 Years,B.Com,"TechNova is hiring a Data Analyst. Required skills: Communication, SQL, Python, Pandas, Excel, Statistics. Candidates should have 2-4 Years experience, B.Com degree, and strong Communication."
319,Data Analyst,VisionAI,1-3 Years,B.Com,"VisionAI is hiring a Data Analyst. Required skills: SQL, Statistics, Excel, Communication, Power BI, Pandas. Candidates should have 1-3 Years experience, B.Com degree, and strong Teamwork."
320,Data Analyst,DataMind,3-5 Years,B.Com,"DataMind is hiring a Data Analyst. Required skills: Excel, Communication, Tableau, Python, Pandas, SQL. Candidates should have 3-5 Years experience, B.Com degree, and strong Teamwork."
321,Data Analyst,NextGen,5+ Years,B.Com,"NextGen is hiring a Data Analyst. Required skills: Statistics, Python, SQL, Tableau, Power BI, Communication. Candidates should have 5+ Years experience, B.Com degree, and strong Leadership."
322,Data Analyst,Insight Ltd,0-2 Years,B.Com,"Insight Ltd is hiring a Data Analyst. Required skills: SQL, Pandas, Power BI, Statistics, Excel, Python. Candidates should have 0-2 Years experience, B.Com degree, and strong Communication."
323,Data Analyst,FinTechX,2-4 Years,B.Com,"FinTechX is hiring a Data Analyst. Required skills: Excel, Communication, Statistics, Power BI, Python, SQL. Candidates should have 2-4 Years experience, B.Com degree, and strong Problem Solving."
324,Data Analyst,FinTechX,2-4 Years,B.Com,"FinTechX is hiring a Data Analyst. Required skills: Statistics, Tableau, Python, Communication, SQL, Power BI. Candidates should have 2-4 Years experience, B.Com degree, and strong Teamwork."
325,Data Analyst,CloudOps,0-2 Years,B.Com,"CloudOps is hiring a Data Analyst. Required skills: Tableau, Communication, Statistics, SQL, Power BI, Python. Candidates should have 0-2 Years experience, B.Com degree, and strong Problem Solving."
326,Data Analyst,DataMind,5+ Years,B.Com,"DataMind is hiring a Data Analyst. Required skills: Power BI, Communication, Excel, Statistics, Python, Tableau. Candidates should have 5+ Years experience, B.Com degree, and strong Leadership."
327,Data Analyst,FinTechX,1-3 Years,B.Com,"FinTechX is hiring a Data Analyst. Required skills: Statistics, Power BI, Python, Tableau, Communication, Excel. Candidates should have 1-3 Years experience, B.Com degree, and strong Problem Solving."
328,Data Analyst,FinTechX,0-2 Years,B.Com,"FinTechX is hiring a Data Analyst. Required skills: Excel, Power BI, Communication, Python, SQL, Statistics. Candidates should have 0-2 Years experience, B.Com degree, and strong Teamwork."
329,Data Analyst,NextGen,3-5 Years,B.Com,"NextGen is hiring a Data Analyst. Required skills: Python, Statistics, Communication, Tableau, Pandas, Power BI. Candidates should have 3-5 Years experience, B.Com degree, and strong Leadership."
330,Data Analyst,TechNova,2-4 Years,B.Com,"TechNova is hiring a Data Analyst. Required skills: Communication, Power BI, SQL, Tableau, Pandas, Python. Candidates should have 2-4 Years experience, B.Com degree, and strong Problem Solving."
331,Data Analyst,VisionAI,3-5 Years,B.Com,"VisionAI is hiring a Data Analyst. Required skills: Python, Tableau, Excel, Power BI, Communication, Pandas. Candidates should have 3-5 Years experience, B.Com degree, and strong Communication."
332,Data Analyst,VisionAI,3-5 Years,B.Com,"VisionAI is hiring a Data Analyst. Required skills: Power BI, Excel, Tableau, Statistics, SQL, Pandas. Candidates should have 3-5 Years experience, B.Com degree, and strong Teamwork."
333,Data Analyst,PixelSoft,3-5 Years,B.Com,"PixelSoft is hiring a Data Analyst. Required skills: Statistics, SQL, Pandas, Power BI, Excel, Communication. Candidates should have 3-5 Years experience, B.Com degree, and strong Problem Solving."
334,Data Analyst,AI Labs,5+ Years,B.Com,"AI Labs is hiring a Data Analyst. Required skills: Power BI, Python, SQL, Communication, Tableau, Excel. Candidates should have 5+ Years experience, B.Com degree, and strong Leadership."
335,Data Analyst,AI Labs,5+ Years,B.Com,"AI Labs is hiring a Data Analyst. Required skills: Excel, Tableau, Power BI, Pandas, Statistics, SQL. Candidates should have 5+ Years experience, B.Com degree, and strong Problem Solving."
336,Data Analyst,VisionAI,2-4 Years,B.Com,"VisionAI is hiring a Data Analyst. Required skills: Excel, Communication, Pandas, Statistics, Tableau, Python. Candidates should have 2-4 Years experience, B.Com degree, and strong Communication."
337,Data Analyst,DataMind,1-3 Years,B.Com,"DataMind is hiring a Data Analyst. Required skills: Excel, Statistics, Python, SQL, Communication, Pandas. Candidates should have 1-3 Years experience, B.Com degree, and strong Teamwork."
338,Data Analyst,Insight Ltd,1-3 Years,B.Com,"Insight Ltd is hiring a Data Analyst. Required skills: Excel, Pandas, Communication, Power BI, Python, Tableau. Candidates should have 1-3 Years experience, B.Com degree, and strong Problem Solving."
339,Data Analyst,PixelSoft,5+ Years,B.Com,"PixelSoft is hiring a Data Analyst. Required skills: Statistics, Python, Communication, SQL, Tableau, Power BI. Candidates should have 5+ Years experience, B.Com degree, and strong Problem Solving."
340,Data Analyst,FinTechX,0-2 Years,B.Com,"FinTechX is hiring a Data Analyst. Required skills: Communication, Python, Excel, Tableau, SQL, Pandas. Candidates should have 0-2 Years experience, B.Com degree, and strong Problem Solving."
341,Data Analyst,FinTechX,1-3 Years,B.Com,"FinTechX is hiring a Data Analyst. Required skills: Power BI, Statistics, Tableau, Python, Communication, Pandas. Candidates should have 1-3 Years experience, B.Com degree, and strong Problem Solving."
342,Data Analyst,AI Labs,3-5 Years,B.Com,"AI Labs is hiring a Data Analyst. Required skills: Pandas, Statistics, Excel, Communication, Power BI, Tableau. Candidates should have 3-5 Years experience, B.Com degree, and strong Communication."
343,Data Analyst,FinTechX,1-3 Years,B.Com,"FinTechX is hiring a Data Analyst. Required skills: SQL, Communication, Pandas, Python, Statistics, Tableau. Candidates should have 1-3 Years experience, B.Com degree, and strong Leadership."
344,Data Analyst,CodeSphere,2-4 Years,B.Com,"CodeSphere is hiring a Data Analyst. Required skills: SQL, Python, Power BI, Pandas, Excel, Communication. Candidates should have 2-4 Years experience, B.Com degree, and strong Problem Solving."
345,Data Analyst,CloudOps,2-4 Years,B.Com,"CloudOps is hiring a Data Analyst. Required skills: Tableau, SQL, Excel, Power BI, Statistics, Communication. Candidates should have 2-4 Years experience, B.Com degree, and strong Leadership."
346,Data Analyst,DataMind,0-2 Years,B.Com,"DataMind is hiring a Data Analyst. Required skills: Power BI, Pandas, SQL, Statistics, Communication, Python. Candidates should have 0-2 Years experience, B.Com degree, and strong Teamwork."
347,Data Analyst,FinTechX,1-3 Years,B.Com,"FinTechX is hiring a Data Analyst. Required skills: Communication, SQL, Statistics, Excel, Pandas, Power BI. Candidates should have 1-3 Years experience, B.Com degree, and strong Communication."
348,Data Analyst,PixelSoft,2-4 Years,B.Com,"PixelSoft is hiring a Data Analyst. Required skills: Python, Communication, SQL, Pandas, Tableau, Power BI. Candidates should have 2-4 Years experience, B.Com degree, and strong Teamwork."
349,Data Analyst,TechNova,5+ Years,B.Com,"TechNova is hiring a Data Analyst. Required skills: Statistics, Communication, Power BI, Pandas, SQL, Excel. Candidates should have 5+ Years experience, B.Com degree, and strong Teamwork."
350,Data Analyst,FinTechX,5+ Years,B.Com,"FinTechX is hiring a Data Analyst. Required skills: Communication, Excel, Pandas, Power BI, Tableau, Python. Candidates should have 5+ Years experience, B.Com degree, and strong Teamwork."
351,Cloud Engineer,AI Labs,3-5 Years,B.E.,"AI Labs is hiring a Cloud Engineer. Required skills: Azure, AWS, Docker, Networking, Terraform, Linux. Candidates should have 3-5 Years experience, B.E. degree, and strong Teamwork."
352,Cloud Engineer,Insight Ltd,5+ Years,B.E.,"Insight Ltd is hiring a Cloud Engineer. Required skills: Terraform, GCP, Linux, AWS, Azure, Networking. Candidates should have 5+ Years experience, B.E. degree, and strong Problem Solving."
353,Cloud Engineer,VisionAI,5+ Years,B.E.,"VisionAI is hiring a Cloud Engineer. Required skills: AWS, Networking, Linux, GCP, Azure, Kubernetes. Candidates should have 5+ Years experience, B.E. degree, and strong Teamwork."
354,Cloud Engineer,CodeSphere,3-5 Years,B.E.,"CodeSphere is hiring a Cloud Engineer. Required skills: Networking, GCP, Linux, AWS, Azure, Terraform. Candidates should have 3-5 Years experience, B.E. degree, and strong Teamwork."
355,Cloud Engineer,DataMind,2-4 Years,B.E.,"DataMind is hiring a Cloud Engineer. Required skills: Docker, Linux, Kubernetes, AWS, Networking, Azure. Candidates should have 2-4 Years experience, B.E. degree, and strong Leadership."
356,Cloud Engineer,Insight Ltd,0-2 Years,B.E.,"Insight Ltd is hiring a Cloud Engineer. Required skills: Networking, GCP, Kubernetes, Azure, Terraform, AWS. Candidates should have 0-2 Years experience, B.E. degree, and strong Communication."
357,Cloud Engineer,PixelSoft,5+ Years,B.E.,"PixelSoft is hiring a Cloud Engineer. Required skills: AWS, GCP, Azure, Docker, Kubernetes, Linux. Candidates should have 5+ Years experience, B.E. degree, and strong Leadership."
358,Cloud Engineer,PixelSoft,0-2 Years,B.E.,"PixelSoft is hiring a Cloud Engineer. Required skills: Networking, Linux, Terraform, AWS, Azure, Docker. Candidates should have 0-2 Years experience, B.E. degree, and strong Communication."
359,Cloud Engineer,CodeSphere,5+ Years,B.E.,"CodeSphere is hiring a Cloud Engineer. Required skills: Terraform, Networking, Azure, Kubernetes, GCP, Linux. Candidates should have 5+ Years experience, B.E. degree, and strong Problem Solving."
360,Cloud Engineer,CodeSphere,3-5 Years,B.E.,"CodeSphere is hiring a Cloud Engineer. Required skills: Networking, Linux, Azure, AWS, Docker, Kubernetes. Candidates should have 3-5 Years experience, B.E. degree, and strong Leadership."
361,Cloud Engineer,TechNova,1-3 Years,B.E.,"TechNova is hiring a Cloud Engineer. Required skills: AWS, GCP, Linux, Azure, Docker, Terraform. Candidates should have 1-3 Years experience, B.E. degree, and strong Teamwork."
362,Cloud Engineer,DataMind,2-4 Years,B.E.,"DataMind is hiring a Cloud Engineer. Required skills: Docker, GCP, Kubernetes, Linux, Networking, AWS. Candidates should have 2-4 Years experience, B.E. degree, and strong Problem Solving."
363,Cloud Engineer,CodeSphere,5+ Years,B.E.,"CodeSphere is hiring a Cloud Engineer. Required skills: Azure, Networking, AWS, GCP, Terraform, Docker. Candidates should have 5+ Years experience, B.E. degree, and strong Problem Solving."
364,Cloud Engineer,Insight Ltd,3-5 Years,B.E.,"Insight Ltd is hiring a Cloud Engineer. Required skills: Azure, Terraform, Networking, Kubernetes, GCP, AWS. Candidates should have 3-5 Years experience, B.E. degree, and strong Teamwork."
365,Cloud Engineer,TechNova,5+ Years,B.E.,"TechNova is hiring a Cloud Engineer. Required skills: Linux, Azure, GCP, AWS, Kubernetes, Terraform. Candidates should have 5+ Years experience, B.E. degree, and strong Communication."
366,Cloud Engineer,DataMind,1-3 Years,B.E.,"DataMind is hiring a Cloud Engineer. Required skills: AWS, Azure, Docker, Terraform, GCP, Networking. Candidates should have 1-3 Years experience, B.E. degree, and strong Communication."
367,Cloud Engineer,PixelSoft,2-4 Years,B.E.,"PixelSoft is hiring a Cloud Engineer. Required skills: Networking, Azure, GCP, Docker, Terraform, Linux. Candidates should have 2-4 Years experience, B.E. degree, and strong Communication."
368,Cloud Engineer,TechNova,5+ Years,B.E.,"TechNova is hiring a Cloud Engineer. Required skills: Linux, AWS, Kubernetes, Networking, Azure, Docker. Candidates should have 5+ Years experience, B.E. degree, and strong Leadership."
369,Cloud Engineer,FinTechX,5+ Years,B.E.,"FinTechX is hiring a Cloud Engineer. Required skills: Azure, Terraform, GCP, Linux, Kubernetes, AWS. Candidates should have 5+ Years experience, B.E. degree, and strong Communication."
370,Cloud Engineer,CloudOps,5+ Years,B.E.,"CloudOps is hiring a Cloud Engineer. Required skills: Linux, Azure, GCP, Kubernetes, Docker, Terraform. Candidates should have 5+ Years experience, B.E. degree, and strong Leadership."
371,Cloud Engineer,NextGen,0-2 Years,B.E.,"NextGen is hiring a Cloud Engineer. Required skills: Linux, Kubernetes, Terraform, Azure, Networking, AWS. Candidates should have 0-2 Years experience, B.E. degree, and strong Communication."
372,Cloud Engineer,PixelSoft,3-5 Years,B.E.,"PixelSoft is hiring a Cloud Engineer. Required skills: Terraform, Kubernetes, GCP, AWS, Linux, Networking. Candidates should have 3-5 Years experience, B.E. degree, and strong Communication."
373,Cloud Engineer,PixelSoft,1-3 Years,B.E.,"PixelSoft is hiring a Cloud Engineer. Required skills: Terraform, Kubernetes, Azure, Docker, Networking, AWS. Candidates should have 1-3 Years experience, B.E. degree, and strong Communication."
374,Cloud Engineer,Insight Ltd,0-2 Years,B.E.,"Insight Ltd is hiring a Cloud Engineer. Required skills: AWS, Azure, Kubernetes, Terraform, GCP, Networking. Candidates should have 0-2 Years experience, B.E. degree, and strong Communication."
375,Cloud Engineer,CloudOps,1-3 Years,B.E.,"CloudOps is hiring a Cloud Engineer. Required skills: GCP, Linux, Terraform, AWS, Kubernetes, Azure. Candidates should have 1-3 Years experience, B.E. degree, and strong Problem Solving."
376,Cloud Engineer,PixelSoft,3-5 Years,B.E.,"PixelSoft is hiring a Cloud Engineer. Required skills: Kubernetes, Networking, GCP, Terraform, Linux, Azure. Candidates should have 3-5 Years experience, B.E. degree, and strong Teamwork."
377,Cloud Engineer,DataMind,0-2 Years,B.E.,"DataMind is hiring a Cloud Engineer. Required skills: Azure, Docker, Networking, Kubernetes, AWS, Terraform. Candidates should have 0-2 Years experience, B.E. degree, and strong Leadership."
378,Cloud Engineer,PixelSoft,3-5 Years,B.E.,"PixelSoft is hiring a Cloud Engineer. Required skills: Docker, GCP, Terraform, AWS, Networking, Kubernetes. Candidates should have 3-5 Years experience, B.E. degree, and strong Leadership."
379,Cloud Engineer,Insight Ltd,2-4 Years,B.E.,"Insight Ltd is hiring a Cloud Engineer. Required skills: Kubernetes, Networking, AWS, Linux, Azure, GCP. Candidates should have 2-4 Years experience, B.E. degree, and strong Communication."
380,Cloud Engineer,AI Labs,1-3 Years,B.E.,"AI Labs is hiring a Cloud Engineer. Required skills: Terraform, Networking, GCP, Azure, AWS, Linux. Candidates should have 1-3 Years experience, B.E. degree, and strong Leadership."
381,Cloud Engineer,FinTechX,3-5 Years,B.E.,"FinTechX is hiring a Cloud Engineer. Required skills: AWS, Linux, GCP, Networking, Azure, Docker. Candidates should have 3-5 Years experience, B.E. degree, and strong Teamwork."
382,Cloud Engineer,CloudOps,0-2 Years,B.E.,"CloudOps is hiring a Cloud Engineer. Required skills: Azure, Terraform, AWS, Docker, Linux, Networking. Candidates should have 0-2 Years experience, B.E. degree, and strong Teamwork."
383,Cloud Engineer,PixelSoft,5+ Years,B.E.,"PixelSoft is hiring a Cloud Engineer. Required skills: Terraform, Networking, Docker, GCP, AWS, Kubernetes. Candidates should have 5+ Years experience, B.E. degree, and strong Communication."
384,Cloud Engineer,CodeSphere,2-4 Years,B.E.,"CodeSphere is hiring a Cloud Engineer. Required skills: AWS, Docker, Azure, Terraform, Linux, Networking. Candidates should have 2-4 Years experience, B.E. degree, and strong Communication."
385,Cloud Engineer,FinTechX,3-5 Years,B.E.,"FinTechX is hiring a Cloud Engineer. Required skills: Docker, AWS, Azure, Kubernetes, Terraform, GCP. Candidates should have 3-5 Years experience, B.E. degree, and strong Communication."
386,Cloud Engineer,PixelSoft,1-3 Years,B.E.,"PixelSoft is hiring a Cloud Engineer. Required skills: Networking, Linux, Terraform, Azure, GCP, AWS. Candidates should have 1-3 Years experience, B.E. degree, and strong Problem Solving."
387,Cloud Engineer,FinTechX,2-4 Years,B.E.,"FinTechX is hiring a Cloud Engineer. Required skills: Docker, Azure, AWS, Kubernetes, Networking, GCP. Candidates should have 2-4 Years experience, B.E. degree, and strong Leadership."
388,Cloud Engineer,CloudOps,3-5 Years,B.E.,"CloudOps is hiring a Cloud Engineer. Required skills: Docker, AWS, Networking, GCP, Terraform, Linux. Candidates should have 3-5 Years experience, B.E. degree, and strong Teamwork."
389,Cloud Engineer,AI Labs,3-5 Years,B.E.,"AI Labs is hiring a Cloud Engineer. Required skills: AWS, Terraform, Linux, GCP, Networking, Kubernetes. Candidates should have 3-5 Years experience, B.E. degree, and strong Problem Solving."
390,Cloud Engineer,TechNova,1-3 Years,B.E.,"TechNova is hiring a Cloud Engineer. Required skills: Networking, GCP, Azure, AWS, Docker, Terraform. Candidates should have 1-3 Years experience, B.E. degree, and strong Problem Solving."
391,Cloud Engineer,DataMind,1-3 Years,B.E.,"DataMind is hiring a Cloud Engineer. Required skills: AWS, Networking, Terraform, Kubernetes, GCP, Linux. Candidates should have 1-3 Years experience, B.E. degree, and strong Communication."
392,Cloud Engineer,NextGen,5+ Years,B.E.,"NextGen is hiring a Cloud Engineer. Required skills: Terraform, Linux, Azure, GCP, AWS, Docker. Candidates should have 5+ Years experience, B.E. degree, and strong Problem Solving."
393,Cloud Engineer,Insight Ltd,2-4 Years,B.E.,"Insight Ltd is hiring a Cloud Engineer. Required skills: GCP, Azure, Networking, Kubernetes, Docker, Terraform. Candidates should have 2-4 Years experience, B.E. degree, and strong Communication."
394,Cloud Engineer,PixelSoft,5+ Years,B.E.,"PixelSoft is hiring a Cloud Engineer. Required skills: Linux, Kubernetes, Networking, Azure, Docker, Terraform. Candidates should have 5+ Years experience, B.E. degree, and strong Teamwork."
395,Cloud Engineer,TechNova,1-3 Years,B.E.,"TechNova is hiring a Cloud Engineer. Required skills: Docker, AWS, Networking, Linux, Azure, GCP. Candidates should have 1-3 Years experience, B.E. degree, and strong Leadership."
396,Cloud Engineer,AI Labs,1-3 Years,B.E.,"AI Labs is hiring a Cloud Engineer. Required skills: AWS, GCP, Kubernetes, Azure, Linux, Terraform. Candidates should have 1-3 Years experience, B.E. degree, and strong Communication."
397,Cloud Engineer,CodeSphere,2-4 Years,B.E.,"CodeSphere is hiring a Cloud Engineer. Required skills: AWS, Azure, Kubernetes, Networking, Docker, GCP. Candidates should have 2-4 Years experience, B.E. degree, and strong Problem Solving."
398,Cloud Engineer,DataMind,1-3 Years,B.E.,"DataMind is hiring a Cloud Engineer. Required skills: Networking, Kubernetes, AWS, GCP, Docker, Azure. Candidates should have 1-3 Years experience, B.E. degree, and strong Leadership."
399,Cloud Engineer,DataMind,5+ Years,B.E.,"DataMind is hiring a Cloud Engineer. Required skills: Docker, Linux, GCP, Azure, Networking, AWS. Candidates should have 5+ Years experience, B.E. degree, and strong Leadership."
400,Cloud Engineer,Insight Ltd,0-2 Years,B.E.,"Insight Ltd is hiring a Cloud Engineer. Required skills: Kubernetes, Linux, Networking, GCP, Azure, AWS. Candidates should have 0-2 Years experience, B.E. degree, and strong Leadership."
401,AI Engineer,CodeSphere,5+ Years,B.Tech,"CodeSphere is hiring a AI Engineer. Required skills: Python, LLM, FastAPI, NLP, Docker, TensorFlow. Candidates should have 5+ Years experience, B.Tech degree, and strong Leadership."
402,AI Engineer,DataMind,2-4 Years,B.Tech,"DataMind is hiring a AI Engineer. Required skills: NLP, PostgreSQL, TensorFlow, Python, LLM, Hugging Face. Candidates should have 2-4 Years experience, B.Tech degree, and strong Communication."
403,AI Engineer,AI Labs,0-2 Years,B.Tech,"AI Labs is hiring a AI Engineer. Required skills: TensorFlow, Hugging Face, Python, NLP, LLM, PostgreSQL. Candidates should have 0-2 Years experience, B.Tech degree, and strong Problem Solving."
404,AI Engineer,DataMind,3-5 Years,B.Tech,"DataMind is hiring a AI Engineer. Required skills: LLM, TensorFlow, Python, Docker, Hugging Face, PostgreSQL. Candidates should have 3-5 Years experience, B.Tech degree, and strong Leadership."
405,AI Engineer,Insight Ltd,3-5 Years,B.Tech,"Insight Ltd is hiring a AI Engineer. Required skills: PostgreSQL, Hugging Face, NLP, FastAPI, Docker, Python. Candidates should have 3-5 Years experience, B.Tech degree, and strong Teamwork."
406,AI Engineer,PixelSoft,2-4 Years,B.Tech,"PixelSoft is hiring a AI Engineer. Required skills: NLP, Hugging Face, Python, TensorFlow, PostgreSQL, FastAPI. Candidates should have 2-4 Years experience, B.Tech degree, and strong Communication."
407,AI Engineer,VisionAI,0-2 Years,B.Tech,"VisionAI is hiring a AI Engineer. Required skills: LLM, NLP, PostgreSQL, Hugging Face, TensorFlow, Docker. Candidates should have 0-2 Years experience, B.Tech degree, and strong Communication."
408,AI Engineer,Insight Ltd,1-3 Years,B.Tech,"Insight Ltd is hiring a AI Engineer. Required skills: TensorFlow, FastAPI, Docker, Hugging Face, Python, LLM. Candidates should have 1-3 Years experience, B.Tech degree, and strong Leadership."
409,AI Engineer,VisionAI,3-5 Years,B.Tech,"VisionAI is hiring a AI Engineer. Required skills: NLP, Python, Docker, PostgreSQL, LLM, TensorFlow. Candidates should have 3-5 Years experience, B.Tech degree, and strong Problem Solving."
410,AI Engineer,VisionAI,5+ Years,B.Tech,"VisionAI is hiring a AI Engineer. Required skills: FastAPI, NLP, LLM, Python, PostgreSQL, TensorFlow. Candidates should have 5+ Years experience, B.Tech degree, and strong Leadership."
411,AI Engineer,Insight Ltd,2-4 Years,B.Tech,"Insight Ltd is hiring a AI Engineer. Required skills: NLP, Python, PostgreSQL, Docker, Hugging Face, FastAPI. Candidates should have 2-4 Years experience, B.Tech degree, and strong Leadership."
412,AI Engineer,CodeSphere,2-4 Years,B.Tech,"CodeSphere is hiring a AI Engineer. Required skills: Hugging Face, Python, Docker, LLM, FastAPI, NLP. Candidates should have 2-4 Years experience, B.Tech degree, and strong Leadership."
413,AI Engineer,CodeSphere,2-4 Years,B.Tech,"CodeSphere is hiring a AI Engineer. Required skills: LLM, NLP, Hugging Face, TensorFlow, FastAPI, Docker. Candidates should have 2-4 Years experience, B.Tech degree, and strong Leadership."
414,AI Engineer,PixelSoft,0-2 Years,B.Tech,"PixelSoft is hiring a AI Engineer. Required skills: NLP, PostgreSQL, Hugging Face, Docker, LLM, TensorFlow. Candidates should have 0-2 Years experience, B.Tech degree, and strong Leadership."
415,AI Engineer,CodeSphere,0-2 Years,B.Tech,"CodeSphere is hiring a AI Engineer. Required skills: PostgreSQL, NLP, LLM, Docker, Python, Hugging Face. Candidates should have 0-2 Years experience, B.Tech degree, and strong Problem Solving."
416,AI Engineer,NextGen,5+ Years,B.Tech,"NextGen is hiring a AI Engineer. Required skills: Docker, PostgreSQL, FastAPI, LLM, Python, TensorFlow. Candidates should have 5+ Years experience, B.Tech degree, and strong Leadership."
417,AI Engineer,VisionAI,0-2 Years,B.Tech,"VisionAI is hiring a AI Engineer. Required skills: Hugging Face, PostgreSQL, NLP, Python, Docker, TensorFlow. Candidates should have 0-2 Years experience, B.Tech degree, and strong Teamwork."
418,AI Engineer,DataMind,1-3 Years,B.Tech,"DataMind is hiring a AI Engineer. Required skills: LLM, Docker, Hugging Face, PostgreSQL, FastAPI, Python. Candidates should have 1-3 Years experience, B.Tech degree, and strong Communication."
419,AI Engineer,Insight Ltd,1-3 Years,B.Tech,"Insight Ltd is hiring a AI Engineer. Required skills: Docker, Python, TensorFlow, Hugging Face, LLM, NLP. Candidates should have 1-3 Years experience, B.Tech degree, and strong Problem Solving."
420,AI Engineer,VisionAI,3-5 Years,B.Tech,"VisionAI is hiring a AI Engineer. Required skills: TensorFlow, PostgreSQL, Python, Docker, Hugging Face, NLP. Candidates should have 3-5 Years experience, B.Tech degree, and strong Problem Solving."
421,AI Engineer,DataMind,3-5 Years,B.Tech,"DataMind is hiring a AI Engineer. Required skills: FastAPI, PostgreSQL, Hugging Face, Python, TensorFlow, Docker. Candidates should have 3-5 Years experience, B.Tech degree, and strong Teamwork."
422,AI Engineer,NextGen,2-4 Years,B.Tech,"NextGen is hiring a AI Engineer. Required skills: LLM, Python, FastAPI, Docker, NLP, Hugging Face. Candidates should have 2-4 Years experience, B.Tech degree, and strong Problem Solving."
423,AI Engineer,PixelSoft,1-3 Years,B.Tech,"PixelSoft is hiring a AI Engineer. Required skills: Docker, TensorFlow, Hugging Face, FastAPI, PostgreSQL, Python. Candidates should have 1-3 Years experience, B.Tech degree, and strong Leadership."
424,AI Engineer,CloudOps,2-4 Years,B.Tech,"CloudOps is hiring a AI Engineer. Required skills: NLP, FastAPI, Docker, Hugging Face, Python, LLM. Candidates should have 2-4 Years experience, B.Tech degree, and strong Communication."
425,AI Engineer,PixelSoft,2-4 Years,B.Tech,"PixelSoft is hiring a AI Engineer. Required skills: PostgreSQL, NLP, Docker, Python, TensorFlow, LLM. Candidates should have 2-4 Years experience, B.Tech degree, and strong Leadership."
426,AI Engineer,AI Labs,3-5 Years,B.Tech,"AI Labs is hiring a AI Engineer. Required skills: LLM, Docker, PostgreSQL, TensorFlow, NLP, Hugging Face. Candidates should have 3-5 Years experience, B.Tech degree, and strong Problem Solving."
427,AI Engineer,NextGen,1-3 Years,B.Tech,"NextGen is hiring a AI Engineer. Required skills: Docker, FastAPI, TensorFlow, Python, LLM, Hugging Face. Candidates should have 1-3 Years experience, B.Tech degree, and strong Leadership."
428,AI Engineer,VisionAI,2-4 Years,B.Tech,"VisionAI is hiring a AI Engineer. Required skills: TensorFlow, Docker, Python, FastAPI, LLM, PostgreSQL. Candidates should have 2-4 Years experience, B.Tech degree, and strong Leadership."
429,AI Engineer,CloudOps,1-3 Years,B.Tech,"CloudOps is hiring a AI Engineer. Required skills: NLP, Docker, FastAPI, TensorFlow, Python, Hugging Face. Candidates should have 1-3 Years experience, B.Tech degree, and strong Communication."
430,AI Engineer,PixelSoft,1-3 Years,B.Tech,"PixelSoft is hiring a AI Engineer. Required skills: Hugging Face, Python, PostgreSQL, Docker, NLP, TensorFlow. Candidates should have 1-3 Years experience, B.Tech degree, and strong Problem Solving."
431,AI Engineer,FinTechX,2-4 Years,B.Tech,"FinTechX is hiring a AI Engineer. Required skills: PostgreSQL, FastAPI, Hugging Face, Python, Docker, TensorFlow. Candidates should have 2-4 Years experience, B.Tech degree, and strong Leadership."
432,AI Engineer,PixelSoft,1-3 Years,B.Tech,"PixelSoft is hiring a AI Engineer. Required skills: NLP, Docker, Hugging Face, FastAPI, PostgreSQL, LLM. Candidates should have 1-3 Years experience, B.Tech degree, and strong Communication."
433,AI Engineer,CloudOps,1-3 Years,B.Tech,"CloudOps is hiring a AI Engineer. Required skills: FastAPI, Python, Hugging Face, Docker, LLM, NLP. Candidates should have 1-3 Years experience, B.Tech degree, and strong Teamwork."
434,AI Engineer,FinTechX,0-2 Years,B.Tech,"FinTechX is hiring a AI Engineer. Required skills: Hugging Face, NLP, TensorFlow, PostgreSQL, Python, Docker. Candidates should have 0-2 Years experience, B.Tech degree, and strong Teamwork."
435,AI Engineer,PixelSoft,2-4 Years,B.Tech,"PixelSoft is hiring a AI Engineer. Required skills: NLP, FastAPI, Python, LLM, PostgreSQL, Hugging Face. Candidates should have 2-4 Years experience, B.Tech degree, and strong Leadership."
436,AI Engineer,PixelSoft,3-5 Years,B.Tech,"PixelSoft is hiring a AI Engineer. Required skills: Docker, PostgreSQL, NLP, Hugging Face, TensorFlow, Python. Candidates should have 3-5 Years experience, B.Tech degree, and strong Leadership."
437,AI Engineer,FinTechX,0-2 Years,B.Tech,"FinTechX is hiring a AI Engineer. Required skills: LLM, Python, FastAPI, NLP, TensorFlow, PostgreSQL. Candidates should have 0-2 Years experience, B.Tech degree, and strong Communication."
438,AI Engineer,CloudOps,2-4 Years,B.Tech,"CloudOps is hiring a AI Engineer. Required skills: TensorFlow, NLP, PostgreSQL, Docker, FastAPI, LLM. Candidates should have 2-4 Years experience, B.Tech degree, and strong Teamwork."
439,AI Engineer,TechNova,1-3 Years,B.Tech,"TechNova is hiring a AI Engineer. Required skills: Hugging Face, Python, FastAPI, PostgreSQL, NLP, TensorFlow. Candidates should have 1-3 Years experience, B.Tech degree, and strong Leadership."
440,AI Engineer,Insight Ltd,0-2 Years,B.Tech,"Insight Ltd is hiring a AI Engineer. Required skills: FastAPI, NLP, Hugging Face, TensorFlow, PostgreSQL, Docker. Candidates should have 0-2 Years experience, B.Tech degree, and strong Teamwork."
441,AI Engineer,VisionAI,2-4 Years,B.Tech,"VisionAI is hiring a AI Engineer. Required skills: TensorFlow, PostgreSQL, Docker, LLM, Hugging Face, NLP. Candidates should have 2-4 Years experience, B.Tech degree, and strong Problem Solving."
442,AI Engineer,FinTechX,0-2 Years,B.Tech,"FinTechX is hiring a AI Engineer. Required skills: NLP, Docker, TensorFlow, FastAPI, LLM, Hugging Face. Candidates should have 0-2 Years experience, B.Tech degree, and strong Teamwork."
443,AI Engineer,CloudOps,0-2 Years,B.Tech,"CloudOps is hiring a AI Engineer. Required skills: FastAPI, TensorFlow, PostgreSQL, LLM, NLP, Hugging Face. Candidates should have 0-2 Years experience, B.Tech degree, and strong Problem Solving."
444,AI Engineer,Insight Ltd,2-4 Years,B.Tech,"Insight Ltd is hiring a AI Engineer. Required skills: Hugging Face, TensorFlow, NLP, PostgreSQL, Docker, LLM. Candidates should have 2-4 Years experience, B.Tech degree, and strong Problem Solving."
445,AI Engineer,Insight Ltd,5+ Years,B.Tech,"Insight Ltd is hiring a AI Engineer. Required skills: PostgreSQL, Docker, Python, Hugging Face, TensorFlow, NLP. Candidates should have 5+ Years experience, B.Tech degree, and strong Communication."
446,AI Engineer,NextGen,2-4 Years,B.Tech,"NextGen is hiring a AI Engineer. Required skills: PostgreSQL, LLM, FastAPI, Python, Hugging Face, NLP. Candidates should have 2-4 Years experience, B.Tech degree, and strong Communication."
447,AI Engineer,DataMind,3-5 Years,B.Tech,"DataMind is hiring a AI Engineer. Required skills: NLP, LLM, Docker, PostgreSQL, Hugging Face, FastAPI. Candidates should have 3-5 Years experience, B.Tech degree, and strong Problem Solving."
448,AI Engineer,AI Labs,1-3 Years,B.Tech,"AI Labs is hiring a AI Engineer. Required skills: NLP, Docker, Python, Hugging Face, PostgreSQL, FastAPI. Candidates should have 1-3 Years experience, B.Tech degree, and strong Communication."
449,AI Engineer,FinTechX,1-3 Years,B.Tech,"FinTechX is hiring a AI Engineer. Required skills: Python, Hugging Face, NLP, LLM, FastAPI, TensorFlow. Candidates should have 1-3 Years experience, B.Tech degree, and strong Communication."
450,AI Engineer,NextGen,3-5 Years,B.Tech,"NextGen is hiring a AI Engineer. Required skills: NLP, FastAPI, Hugging Face, TensorFlow, Docker, LLM. Candidates should have 3-5 Years experience, B.Tech degree, and strong Communication."
451,QA Automation Engineer,CloudOps,5+ Years,B.E.,"CloudOps is hiring a QA Automation Engineer. Required skills: Selenium, Jenkins, Java, TestNG, Automation, SQL. Candidates should have 5+ Years experience, B.E. degree, and strong Communication."
452,QA Automation Engineer,PixelSoft,2-4 Years,B.E.,"PixelSoft is hiring a QA Automation Engineer. Required skills: Selenium, SQL, Git, Java, Jenkins, TestNG. Candidates should have 2-4 Years experience, B.E. degree, and strong Teamwork."
453,QA Automation Engineer,TechNova,0-2 Years,B.E.,"TechNova is hiring a QA Automation Engineer. Required skills: Java, API Testing, Jenkins, SQL, TestNG, Selenium. Candidates should have 0-2 Years experience, B.E. degree, and strong Problem Solving."
454,QA Automation Engineer,AI Labs,1-3 Years,B.E.,"AI Labs is hiring a QA Automation Engineer. Required skills: Jenkins, API Testing, SQL, Automation, TestNG, Java. Candidates should have 1-3 Years experience, B.E. degree, and strong Leadership."
455,QA Automation Engineer,CloudOps,1-3 Years,B.E.,"CloudOps is hiring a QA Automation Engineer. Required skills: SQL, Git, Java, Automation, API Testing, Selenium. Candidates should have 1-3 Years experience, B.E. degree, and strong Teamwork."
456,QA Automation Engineer,TechNova,2-4 Years,B.E.,"TechNova is hiring a QA Automation Engineer. Required skills: API Testing, SQL, Selenium, Jenkins, Java, Git. Candidates should have 2-4 Years experience, B.E. degree, and strong Leadership."
457,QA Automation Engineer,CodeSphere,0-2 Years,B.E.,"CodeSphere is hiring a QA Automation Engineer. Required skills: Jenkins, Git, Automation, SQL, Selenium, TestNG. Candidates should have 0-2 Years experience, B.E. degree, and strong Communication."
458,QA Automation Engineer,VisionAI,0-2 Years,B.E.,"VisionAI is hiring a QA Automation Engineer. Required skills: Selenium, SQL, Automation, API Testing, Jenkins, Java. Candidates should have 0-2 Years experience, B.E. degree, and strong Problem Solving."
459,QA Automation Engineer,CodeSphere,3-5 Years,B.E.,"CodeSphere is hiring a QA Automation Engineer. Required skills: Automation, SQL, Java, Git, Selenium, Jenkins. Candidates should have 3-5 Years experience, B.E. degree, and strong Problem Solving."
460,QA Automation Engineer,CodeSphere,0-2 Years,B.E.,"CodeSphere is hiring a QA Automation Engineer. Required skills: TestNG, API Testing, Selenium, Jenkins, SQL, Java. Candidates should have 0-2 Years experience, B.E. degree, and strong Leadership."
461,QA Automation Engineer,PixelSoft,3-5 Years,B.E.,"PixelSoft is hiring a QA Automation Engineer. Required skills: API Testing, Jenkins, Java, TestNG, SQL, Automation. Candidates should have 3-5 Years experience, B.E. degree, and strong Teamwork."
462,QA Automation Engineer,TechNova,1-3 Years,B.E.,"TechNova is hiring a QA Automation Engineer. Required skills: Selenium, Jenkins, API Testing, Java, SQL, Git. Candidates should have 1-3 Years experience, B.E. degree, and strong Communication."
463,QA Automation Engineer,CodeSphere,5+ Years,B.E.,"CodeSphere is hiring a QA Automation Engineer. Required skills: Java, Selenium, Jenkins, API Testing, Automation, Git. Candidates should have 5+ Years experience, B.E. degree, and strong Communication."
464,QA Automation Engineer,TechNova,3-5 Years,B.E.,"TechNova is hiring a QA Automation Engineer. Required skills: Jenkins, SQL, Java, API Testing, TestNG, Git. Candidates should have 3-5 Years experience, B.E. degree, and strong Communication."
465,QA Automation Engineer,NextGen,2-4 Years,B.E.,"NextGen is hiring a QA Automation Engineer. Required skills: TestNG, Git, Selenium, Automation, Jenkins, API Testing. Candidates should have 2-4 Years experience, B.E. degree, and strong Communication."
466,QA Automation Engineer,AI Labs,1-3 Years,B.E.,"AI Labs is hiring a QA Automation Engineer. Required skills: Java, Git, Selenium, SQL, Automation, TestNG. Candidates should have 1-3 Years experience, B.E. degree, and strong Problem Solving."
467,QA Automation Engineer,CodeSphere,1-3 Years,B.E.,"CodeSphere is hiring a QA Automation Engineer. Required skills: Automation, Jenkins, TestNG, Selenium, SQL, Java. Candidates should have 1-3 Years experience, B.E. degree, and strong Leadership."
468,QA Automation Engineer,CodeSphere,1-3 Years,B.E.,"CodeSphere is hiring a QA Automation Engineer. Required skills: Git, API Testing, TestNG, Automation, Jenkins, Java. Candidates should have 1-3 Years experience, B.E. degree, and strong Teamwork."
469,QA Automation Engineer,Insight Ltd,3-5 Years,B.E.,"Insight Ltd is hiring a QA Automation Engineer. Required skills: Selenium, Git, Java, Automation, API Testing, TestNG. Candidates should have 3-5 Years experience, B.E. degree, and strong Leadership."
470,QA Automation Engineer,FinTechX,1-3 Years,B.E.,"FinTechX is hiring a QA Automation Engineer. Required skills: TestNG, Jenkins, API Testing, Automation, Selenium, Git. Candidates should have 1-3 Years experience, B.E. degree, and strong Leadership."
471,QA Automation Engineer,TechNova,2-4 Years,B.E.,"TechNova is hiring a QA Automation Engineer. Required skills: Java, API Testing, Git, Selenium, Jenkins, Automation. Candidates should have 2-4 Years experience, B.E. degree, and strong Teamwork."
472,QA Automation Engineer,FinTechX,1-3 Years,B.E.,"FinTechX is hiring a QA Automation Engineer. Required skills: SQL, Jenkins, Git, Automation, Selenium, Java. Candidates should have 1-3 Years experience, B.E. degree, and strong Problem Solving."
473,QA Automation Engineer,VisionAI,1-3 Years,B.E.,"VisionAI is hiring a QA Automation Engineer. Required skills: Git, Java, Jenkins, SQL, Selenium, API Testing. Candidates should have 1-3 Years experience, B.E. degree, and strong Leadership."
474,QA Automation Engineer,AI Labs,1-3 Years,B.E.,"AI Labs is hiring a QA Automation Engineer. Required skills: Automation, Git, Java, Selenium, API Testing, SQL. Candidates should have 1-3 Years experience, B.E. degree, and strong Problem Solving."
475,QA Automation Engineer,CodeSphere,1-3 Years,B.E.,"CodeSphere is hiring a QA Automation Engineer. Required skills: Selenium, Jenkins, Java, Git, API Testing, SQL. Candidates should have 1-3 Years experience, B.E. degree, and strong Leadership."
476,QA Automation Engineer,AI Labs,3-5 Years,B.E.,"AI Labs is hiring a QA Automation Engineer. Required skills: Automation, Git, Jenkins, API Testing, Selenium, Java. Candidates should have 3-5 Years experience, B.E. degree, and strong Communication."
477,QA Automation Engineer,TechNova,3-5 Years,B.E.,"TechNova is hiring a QA Automation Engineer. Required skills: Automation, SQL, Git, Selenium, Jenkins, Java. Candidates should have 3-5 Years experience, B.E. degree, and strong Communication."
478,QA Automation Engineer,CloudOps,5+ Years,B.E.,"CloudOps is hiring a QA Automation Engineer. Required skills: Java, Git, Jenkins, SQL, TestNG, API Testing. Candidates should have 5+ Years experience, B.E. degree, and strong Leadership."
479,QA Automation Engineer,Insight Ltd,5+ Years,B.E.,"Insight Ltd is hiring a QA Automation Engineer. Required skills: SQL, TestNG, Selenium, Java, API Testing, Jenkins. Candidates should have 5+ Years experience, B.E. degree, and strong Leadership."
480,QA Automation Engineer,TechNova,1-3 Years,B.E.,"TechNova is hiring a QA Automation Engineer. Required skills: SQL, Automation, API Testing, Selenium, Jenkins, TestNG. Candidates should have 1-3 Years experience, B.E. degree, and strong Problem Solving."
481,QA Automation Engineer,TechNova,0-2 Years,B.E.,"TechNova is hiring a QA Automation Engineer. Required skills: SQL, Git, Automation, TestNG, Jenkins, API Testing. Candidates should have 0-2 Years experience, B.E. degree, and strong Teamwork."
482,QA Automation Engineer,CloudOps,5+ Years,B.E.,"CloudOps is hiring a QA Automation Engineer. Required skills: Automation, Java, SQL, API Testing, Selenium, Git. Candidates should have 5+ Years experience, B.E. degree, and strong Teamwork."
483,QA Automation Engineer,CodeSphere,2-4 Years,B.E.,"CodeSphere is hiring a QA Automation Engineer. Required skills: Java, Git, API Testing, Automation, SQL, Selenium. Candidates should have 2-4 Years experience, B.E. degree, and strong Leadership."
484,QA Automation Engineer,Insight Ltd,3-5 Years,B.E.,"Insight Ltd is hiring a QA Automation Engineer. Required skills: Selenium, SQL, Git, Jenkins, Automation, Java. Candidates should have 3-5 Years experience, B.E. degree, and strong Teamwork."
485,QA Automation Engineer,VisionAI,3-5 Years,B.E.,"VisionAI is hiring a QA Automation Engineer. Required skills: Automation, Selenium, Jenkins, Git, API Testing, TestNG. Candidates should have 3-5 Years experience, B.E. degree, and strong Teamwork."
486,QA Automation Engineer,Insight Ltd,5+ Years,B.E.,"Insight Ltd is hiring a QA Automation Engineer. Required skills: TestNG, SQL, Java, Selenium, API Testing, Automation. Candidates should have 5+ Years experience, B.E. degree, and strong Problem Solving."
487,QA Automation Engineer,PixelSoft,2-4 Years,B.E.,"PixelSoft is hiring a QA Automation Engineer. Required skills: Git, API Testing, Jenkins, Java, TestNG, SQL. Candidates should have 2-4 Years experience, B.E. degree, and strong Leadership."
488,QA Automation Engineer,AI Labs,5+ Years,B.E.,"AI Labs is hiring a QA Automation Engineer. Required skills: TestNG, Java, API Testing, Jenkins, Automation, SQL. Candidates should have 5+ Years experience, B.E. degree, and strong Teamwork."
489,QA Automation Engineer,DataMind,1-3 Years,B.E.,"DataMind is hiring a QA Automation Engineer. Required skills: API Testing, Java, Jenkins, TestNG, SQL, Automation. Candidates should have 1-3 Years experience, B.E. degree, and strong Problem Solving."
490,QA Automation Engineer,NextGen,5+ Years,B.E.,"NextGen is hiring a QA Automation Engineer. Required skills: Java, Git, TestNG, Jenkins, API Testing, SQL. Candidates should have 5+ Years experience, B.E. degree, and strong Problem Solving."
491,QA Automation Engineer,DataMind,3-5 Years,B.E.,"DataMind is hiring a QA Automation Engineer. Required skills: Git, Automation, Selenium, Jenkins, SQL, API Testing. Candidates should have 3-5 Years experience, B.E. degree, and strong Communication."
492,QA Automation Engineer,DataMind,2-4 Years,B.E.,"DataMind is hiring a QA Automation Engineer. Required skills: Selenium, Java, TestNG, Git, SQL, API Testing. Candidates should have 2-4 Years experience, B.E. degree, and strong Communication."
493,QA Automation Engineer,Insight Ltd,0-2 Years,B.E.,"Insight Ltd is hiring a QA Automation Engineer. Required skills: Jenkins, Java, Automation, Selenium, TestNG, Git. Candidates should have 0-2 Years experience, B.E. degree, and strong Teamwork."
494,QA Automation Engineer,NextGen,3-5 Years,B.E.,"NextGen is hiring a QA Automation Engineer. Required skills: Git, Java, Jenkins, TestNG, Selenium, Automation. Candidates should have 3-5 Years experience, B.E. degree, and strong Problem Solving."
495,QA Automation Engineer,CloudOps,3-5 Years,B.E.,"CloudOps is hiring a QA Automation Engineer. Required skills: Selenium, Automation, SQL, TestNG, Java, Jenkins. Candidates should have 3-5 Years experience, B.E. degree, and strong Problem Solving."
496,QA Automation Engineer,CodeSphere,1-3 Years,B.E.,"CodeSphere is hiring a QA Automation Engineer. Required skills: API Testing, Git, SQL, Java, TestNG, Jenkins. Candidates should have 1-3 Years experience, B.E. degree, and strong Teamwork."
497,QA Automation Engineer,PixelSoft,3-5 Years,B.E.,"PixelSoft is hiring a QA Automation Engineer. Required skills: TestNG, SQL, Jenkins, Selenium, API Testing, Git. Candidates should have 3-5 Years experience, B.E. degree, and strong Problem Solving."
498,QA Automation Engineer,DataMind,3-5 Years,B.E.,"DataMind is hiring a QA Automation Engineer. Required skills: TestNG, Java, Jenkins, Automation, Selenium, Git. Candidates should have 3-5 Years experience, B.E. degree, and strong Communication."
499,QA Automation Engineer,VisionAI,5+ Years,B.E.,"VisionAI is hiring a QA Automation Engineer. Required skills: TestNG, Automation, Jenkins, Selenium, Git, Java. Candidates should have 5+ Years experience, B.E. degree, and strong Problem Solving."
500,QA Automation Engineer,CodeSphere,5+ Years,B.E.,"CodeSphere is hiring a QA Automation Engineer. Required skills: Java, Git, SQL, TestNG, Automation, Selenium. Candidates should have 5+ Years experience, B.E. degree, and strong Teamwork."
